MERCADO;PRIORIDAD;THE NOTE;DIENUM;CLIENTE;SOITEM;TEMPER;ALLOY;LEN;FINISH;RUTA;PRENSA;PZS;KG;X;ESTADO;PESO LINEAL;PXP
GMP;P5 2025 O ;(en blanco);2400 ST- 004;2-C.I. ENERGIA SOLAR S.A.;151297-1;T6;6063;6,2;Duranar Arcadia Silver;PINTURA;PRENSA 4;30;129,6;PENDIENTE;;0,696774194;4,32
GMP;P5 2025 O ;(en blanco);2400 ST- 006;2-C.I. ENERGIA SOLAR S.A.;151297-3;T6;6063;6,2;Duranar Arcadia Silver;PINTURA;PRENSA 7-3;6;41,04;PENDIENTE;;1,103225806;6,84
GMP;P5 2025 O ;(en blanco);2400 ST- 007;2-C.I. ENERGIA SOLAR S.A.;151297-4;T6;6063;6,2;Duranar Arcadia Silver;PINTURA;PRENSA 7-2;4;29,84;PENDIENTE;;1,203225806;7,46
GMP;P5 2025 O ;(en blanco);2400 ST- 007;2-C.I. ENERGIA SOLAR S.A.;151297-7;T6;6063;5,1;Duranar Arcadia Silver;PINTURA;PRENSA 7-2;3;18,42;PENDIENTE;;1,203921569;6,14
GMP;P5 2025 O ;(en blanco);2400 ST- 008;2-C.I. ENERGIA SOLAR S.A.;151297-2;T6;6063;6,2;Duranar Arcadia Silver;PINTURA;PRENSA 7-4;7;57,61;PENDIENTE;;1,327419355;8,23
GMP;P5 2025 O ;(en blanco);2400 ST- 009;2-C.I. ENERGIA SOLAR S.A.;151297-5;T6;6063;6,2;Duranar Arcadia Silver;PINTURA;PRENSA 7-1;10;70,4;PENDIENTE;;1,135483871;7,04
GMP;P5 2025 O ;(en blanco);2400 ST- 009;2-C.I. ENERGIA SOLAR S.A.;151297-8;T6;6063;5,1;Duranar Arcadia Silver;PINTURA;PRENSA 7-1;5;28,95;PENDIENTE;;1,135294118;5,79
GMP;P5 2025 O ;(en blanco);2400 ST- 012;2-C.I. ENERGIA SOLAR S.A.;151297-11;T6;6063;5,1;Duranar Arcadia Silver;PINTURA;PRENSA 7-3;5;29,8;PENDIENTE;;1,168627451;5,96
GMP;P5 2025 O ;(en blanco);2400 ST- 012;2-C.I. ENERGIA SOLAR S.A.;151297-6;T6;6063;6,2;Duranar Arcadia Silver;PINTURA;PRENSA 7-3;10;72,5;PENDIENTE;;1,169354839;7,25
RETAIL;P5 2025 O ;OC 868714-E_RTSM6 X - Bodega B6 Proyecto 000000003049 -> PROY STOCK ESW 2024                                                                                                                                                                                   ;2400 ST- 037;2-C.I. ENERGIA SOLAR S.A.;151261-33;T5;6005;6,2;Duranar Bermuda Bronze;PINTURA;PRENSA 9-2;8;160,88;PENDIENTE;;3,243548387;20,11
RETAIL;P5 2025 O ;OC 868714-E_RTSM6 X - Bodega B6 Proyecto 000000003049 -> PROY STOCK ESW 2024                                                                                                                                                                                   ;2400 ST- 037;2-C.I. ENERGIA SOLAR S.A.;151261-78;T5;6005;5,1;Duranar Bermuda Bronze;PINTURA;PRENSA 9-2;7;115,78;PENDIENTE;;3,243137255;16,54
GMP;P5 2025 O ;(en blanco);2400 ST- 037;2-C.I. ENERGIA SOLAR S.A.;151297-12;T5;6005;5,8;Duranar Arcadia Silver;PINTURA;PRENSA 9-2;39;733,98;PENDIENTE;;3,244827586;18,82
RETAIL;P5 2025 O ;OC 868714-E_RTSM6 X - Bodega B6 Proyecto 000000003049 -> PROY STOCK ESW 2024                                                                                                                                                                                   ;2400 ST- 042;2-C.I. ENERGIA SOLAR S.A.;151261-79;T6;6063;5,1;Duranar Bermuda Bronze;PINTURA;PRENSA 7-2;6;70,26;PENDIENTE;;2,296078431;11,71
RETAIL;P5 2025 O ;OC 868714-E_RTSM6 X - Bodega B6 Proyecto 000000003049 -> PROY STOCK ESW 2024                                                                                                                                                                                   ;2400ST-057  ;2-C.I. ENERGIA SOLAR S.A.;151261-130;T6;6063;6,2;2604 Bermuda Bronze;PINTURA;PRENSA 7-4;15;49,95;PENDIENTE;;0,537096774;3,33
RETAIL;P5 2025 O ;OC 868714-E_RTSM6 X - Bodega B6 Proyecto 000000003049 -> PROY STOCK ESW 2024                                                                                                                                                                                   ;2400ST-057  ;2-C.I. ENERGIA SOLAR S.A.;151261-234;T6;6063;5,1;2604 Bermuda Bronze;PINTURA;PRENSA 7-4;7;19,18;PENDIENTE;;0,537254902;2,74
RETAIL;P5 2025 O ;OC 868714-E_RTSM6 X - Bodega B6 Proyecto 000000003049 -> PROY STOCK ESW 2024                                                                                                                                                                                   ;2400ST-057  ;2-C.I. ENERGIA SOLAR S.A.;151261-80;T6;6063;6,2;2604 Bone White;PINTURA;PRENSA 7-4;14;46,62;PENDIENTE;;0,537096774;3,33
RETAIL;P5 2025 O ;OC 868714-E_RTSM6 X - Bodega B6 Proyecto 000000003049 -> PROY STOCK ESW 2024                                                                                                                                                                                   ;2400ST-057  ;2-C.I. ENERGIA SOLAR S.A.;151261-81;T6;6063;5,1;2604 Bone White;PINTURA;PRENSA 7-4;8;21,92;PENDIENTE;;0,537254902;2,74
GMP;P5 2025 O ;(en blanco);2400ST-071  ;2-C.I. ENERGIA SOLAR S.A.;151297-13;T5;6005;5,8;Duranar Arcadia Silver;PINTURA;PRENSA 9;12;305,16;PENDIENTE;;4,384482759;25,43
GMP;P5 2025 O ;(en blanco);2400ST-072  ;2-C.I. ENERGIA SOLAR S.A.;151297-14;T5;6005;5,8;Duranar Arcadia Silver;PINTURA;PRENSA 9-2;18;459,54;PENDIENTE;;4,401724138;25,53
GMP;P5 2025 O ;(en blanco);2400ST-088  ;2-C.I. ENERGIA SOLAR S.A.;151297-9;T5;6005;5,1;Duranar Arcadia Silver;PINTURA;PRENSA 10;20;290,4;PENDIENTE;;2,847058824;14,52
GMP;P5 2025 O ;(en blanco);2400ST-089  ;2-C.I. ENERGIA SOLAR S.A.;151297-10;T5;6005;5,1;Duranar Arcadia Silver;PINTURA;PRENSA 9;12;185,16;PENDIENTE;;3,025490196;15,43
GMP;P5 2025 O ;(en blanco);2400ST-089  ;2-C.I. ENERGIA SOLAR S.A.;151297-15;T5;6005;3,3;Duranar Arcadia Silver;PINTURA;PRENSA 9;7;69,93;PENDIENTE;;3,027272727;9,99
GMP;P5 2025 O ;(en blanco);2400ST-089  ;2-C.I. ENERGIA SOLAR S.A.;151297-16;T5;6005;4,1;Duranar Arcadia Silver;PINTURA;PRENSA 9;5;62,05;PENDIENTE;;3,026829268;12,41
RETAIL;P5 2025 O ;(en blanco);500Y- 005   ;2-C.I. ENERGIA SOLAR S.A.;151251-80;T6;6063;6,2;2604 Bone White;PINTURA;PRENSA 7-2;4;34,4;PENDIENTE;;1,387096774;8,6
RETAIL;P5 2025 O ;OC 868685-E ADDP5 X - Bodega B3 Proyecto 000000003049 -> PROY STOCK ESW 2024                                                                                                                                                                                   ;AAC-A-011   ;2-C.I. ENERGIA SOLAR S.A.;151186-1;T6;6063;6,2;Clear Anodized class 1;ANODIZADO;PRENSA 7-4;7;17,71;PENDIENTE;;0,408064516;2,53
RETAIL;P5 2025 O ;(en blanco);AAC-A-011   ;2-C.I. ENERGIA SOLAR S.A.;151295-12;T6;6063;5,1;Clear Anodized class 1;ANODIZADO;PRENSA 7-4;5;10,4;PENDIENTE;;0,407843137;2,08
RETAIL;P5 2025 O ;(en blanco);AAC-A-044   ;2-C.I. ENERGIA SOLAR S.A.;151295-11;T6;6063;5,1;2604 Bermuda Bronze;PINTURA;PRENSA 7-4;5;63,85;PENDIENTE;;2,503921569;12,77
RETAIL;P5 2025 O ;OC 868711-E-PD-ACC-SP5 X - Bodega B3 Proyecto 000000003049 -> PROY STOCKESW 2024                                                                                                                                                                               ;AAC-A-1356  ;2-C.I. ENERGIA SOLAR S.A.;151259-1;T6;6063;6,2;Mill Finish;MILL;PRENSA 7-4;19;150,67;PENDIENTE;;1,279032258;7,93
RETAIL;P5 2025 O ;(en blanco);AAC-A-1356  ;2-C.I. ENERGIA SOLAR S.A.;151295-7;T6;6063;6,2;Clear Anodized class 1;ANODIZADO;PRENSA 7-4;5;39,65;PENDIENTE;;1,279032258;7,93
RETAIL;P5 2025 O ;(en blanco);AAC-A-1356  ;2-C.I. ENERGIA SOLAR S.A.;151295-8;T6;6063;6,2;Duranar Bermuda Bronze;PINTURA;PRENSA 7-4;7;55,51;PENDIENTE;;1,279032258;7,93
RETAIL;P5 2025 O ;OC 868710-E-PD-CV-P5 X - Bodega B3 Proyecto 000000003049 -> PROY STOCK ESW 2024                                                                                                                                                                                ;AAC-PL-018  ;2-C.I. ENERGIA SOLAR S.A.;151257-1;T6;6063;6,2;Duranar Bone White;PINTURA;PRENSA 7-2;120;162;PENDIENTE;;0,217741935;1,35
RETAIL;P5 2025 O ;OC 868711-E-PD-ACC-SP5 X - Bodega B3 Proyecto 000000003049 -> PROY STOCKESW 2024                                                                                                                                                                               ;AAC-PL-019  ;2-C.I. ENERGIA SOLAR S.A.;151259-3;T6;6063;6,2;Mill Finish;MILL;PRENSA 4;75;151,5;PENDIENTE;;0,325806452;2,02
GMP;P5 2025 O ;OC 868688-E-ENTOURAGE-3-3A-4-5 X - Bodega B3 Proyecto 000000003225 -> ENTOURAGE IN THE SUN-MIAMI                                                                                                                                                               ;AAC-PL-020  ;2-C.I. ENERGIA SOLAR S.A.;151197-2;T6;6063;6,2;Mill Finish;MILL;PRENSA 7-3;5;13,5;PENDIENTE;;0,435483871;2,7
RETAIL;P5 2025 O ;OC 868711-E-PD-ACC-SP5 X - Bodega B3 Proyecto 000000003049 -> PROY STOCKESW 2024                                                                                                                                                                               ;AAC-PL-020  ;2-C.I. ENERGIA SOLAR S.A.;151259-2;T6;6063;6,2;Mill Finish;MILL;PRENSA 7-3;76;205,2;PENDIENTE;;0,435483871;2,7
RETAIL;P5 2025 O ;OC 868714-E_RTSM6 X - Bodega B3 Proyecto 000000003049 -> PROY STOCK ESW 2024                                                                                                                                                                                   ;AAC-PL-051  ;2-C.I. ENERGIA SOLAR S.A.;151250-67;T6;6063;5,1;2604 Black;PINTURA;PRENSA 7-2;6;19,98;PENDIENTE;;0,652941176;3,33
RETAIL;P5 2025 O ;OC 868714-E_RTSM6 X - Bodega B3 Proyecto 000000003049 -> PROY STOCK ESW 2024                                                                                                                                                                                   ;ALU-P-052   ;2-C.I. ENERGIA SOLAR S.A.;151250-78;T6;6063;5,1;Duranar Bone White;PINTURA;PRENSA 4;4;19,96;PENDIENTE;;0,978431373;4,99
RETAIL;P5 2025 O ;OC 868714-E_RTSM6 X - Bodega B3 Proyecto 000000003049 -> PROY STOCK ESW 2024                                                                                                                                                                                   ;ALUTR3X1X125;2-C.I. ENERGIA SOLAR S.A.;151250-33;T6;6063;6,2;2604 Bermuda Bronze;PINTURA;PRENSA 7-4;10;101,2;PENDIENTE;;1,632258065;10,12
RETAIL;P5 2025 O ;OC 868714-E_RTSM6 X - Bodega B3 Proyecto 000000003049 -> PROY STOCK ESW 2024                                                                                                                                                                                   ;ALUTR3X1X125;2-C.I. ENERGIA SOLAR S.A.;151250-37;T6;6063;6,2;2604 Bone White;PINTURA;PRENSA 7-4;11;111,32;PENDIENTE;;1,632258065;10,12
RETAIL;P5 2025 O ;(en blanco);CM100-023   ;2-C.I. ENERGIA SOLAR S.A.;151251-14;T6;6063;6,2;Duranar Bone White;PINTURA;PRENSA 7-4;5;10,15;LIBERADO;;0,327419355;2,03
RETAIL;P5 2025 O ;OC 868713-EII-PD-PGD-P5 X - Bodega B6 Proyecto 000000003049 -> PROY STOCK ESW 2024                                                                                                                                                                             ;EPSD5030T07A;2-C.I. ENERGIA SOLAR S.A.;151265-18;T6;6063;6,2;Duranar Bermuda Bronze;PINTURA_ASSE;PRENSA 7-3;10;158,3;PENDIENTE;;2,553225806;15,83
RETAIL;P5 2025 O ;OC 868713-EII-PD-PGD-P5 X - Bodega B6 Proyecto 000000003049 -> PROY STOCK ESW 2024                                                                                                                                                                             ;EPSD5030T08A;2-C.I. ENERGIA SOLAR S.A.;151265-27;T6;6063;6,2;Duranar Bermuda Bronze;PINTURA_ASSE;PRENSA 7-2;10;157,2;PENDIENTE;;2,535483871;15,72
RETAIL;P5 2025 O ;OC 868713-EII-PD-PGD-P5 X - Bodega B6 Proyecto 000000003049 -> PROY STOCK ESW 2024                                                                                                                                                                             ;EPSD5030T08A;2-C.I. ENERGIA SOLAR S.A.;151265-33;T6;6063;6,2;Black Kynar;PINTURA_ASSE;PRENSA 7-2;10;157,2;PENDIENTE;;2,535483871;15,72
RETAIL;P5 2025 O ;OC 868715-E_IIRTSEM6 X - Bodega B6 Proyecto 000000003049 -> PROY STOCK ESW2024                                                                                                                                                                                 ;EPSD5030T08A;2-C.I. ENERGIA SOLAR S.A.;151254-22;T6;6063;6,2;Teka DS733+2601/01L;PINTURA PWR_ASSE;PRENSA 7-2;4;62,88;PENDIENTE;;2,535483871;15,72
RETAIL;P5 2025 O ;OC 868713-EII-PD-PGD-P5 X - Bodega B6 Proyecto 000000003049 -> PROY STOCK ESW 2024                                                                                                                                                                             ;EPSD5030T10A;2-C.I. ENERGIA SOLAR S.A.;151265-30;T6;6063;6,2;Duranar Bermuda Bronze;PINTURA_ASSE;PRENSA 7-2;10;160,7;PENDIENTE;;2,591935484;16,07
RETAIL;P5 2025 O ;(en blanco);ES 1001     ;2-C.I. ENERGIA SOLAR S.A.;151251-40;T6;6063;6,2;2604 Bermuda Bronze;PINTURA;PRENSA 7-2;9;31,95;PENDIENTE;;0,572580645;3,55
RETAIL;P5 2025 O ;(en blanco);ES 1001     ;2-C.I. ENERGIA SOLAR S.A.;151251-81;T6;6063;6,2;2604 Bone White;PINTURA;PRENSA 7-2;62;220,1;PENDIENTE;;0,572580645;3,55
RETAIL;P5 2025 O ;(en blanco);ES 1001     ;2-C.I. ENERGIA SOLAR S.A.;151251-84;T6;6063;5,1;2604 Bone White;PINTURA;PRENSA 7-2;9;26,28;PENDIENTE;;0,57254902;2,92
RETAIL;P5 2025 O ;(en blanco);ES 1002     ;2-C.I. ENERGIA SOLAR S.A.;151251-102;T6;6063;6,2;2604 Bermuda Bronze;PINTURA;PRENSA 7-4;50;256,5;LIBERADO;;0,827419355;5,13
RETAIL;P5 2025 O ;(en blanco);ES 1002     ;2-C.I. ENERGIA SOLAR S.A.;151251-2;T6;6063;5,1;Duranar Bone White;PINTURA;PRENSA 7-4;4;16,88;LIBERADO;;0,82745098;4,22
RETAIL;P5 2025 O ;(en blanco);ES 1002     ;2-C.I. ENERGIA SOLAR S.A.;151251-82;T6;6063;6,2;2604 Bone White;PINTURA;PRENSA 7-4;72;369,36;LIBERADO;;0,827419355;5,13
RETAIL;P5 2025 O ;OC 868716-E_RVSEM6 X - Bodega B2 Proyecto 000000003049 -> PROY STOCK ESW 2024                                                                                                                                                                                  ;ES 1005     ;2-C.I. ENERGIA SOLAR S.A.;151255-4;T6;6063;5,1;Duranar Bermuda Bronze;PINTURA;PRENSA 7-4;11;41,58;PENDIENTE;;0,741176471;3,78
RETAIL;P5 2025 O ;OC 868716-E_RVSEM6 X - Bodega B2 Proyecto 000000003049 -> PROY STOCK ESW 2024                                                                                                                                                                                  ;ES 1005     ;2-C.I. ENERGIA SOLAR S.A.;151255-6;T6;6063;6,2;Duranar Bermuda Bronze;PINTURA;PRENSA 7-4;15;69;PENDIENTE;;0,741935484;4,6
RETAIL;P5 2025 O ;OC 868716-E_RVSEM6 X - Bodega B2 Proyecto 000000003049 -> PROY STOCK ESW 2024                                                                                                                                                                                  ;ES 1006     ;2-C.I. ENERGIA SOLAR S.A.;151255-1;T6;6063;6,2;Duranar Bermuda Bronze;PINTURA;PRENSA 7-4;22;115,28;PENDIENTE;;0,84516129;5,24
RETAIL;P5 2025 O ;(en blanco);ES 1006     ;2-C.I. ENERGIA SOLAR S.A.;151251-116;T6;6063;5,6;2604 Bone White;PINTURA;PRENSA 7-4;4;18,92;LIBERADO;;0,844642857;4,73
RETAIL;P5 2025 O ;(en blanco);ES 1006     ;2-C.I. ENERGIA SOLAR S.A.;151251-41;T6;6063;6,2;2604 Bermuda Bronze;PINTURA;PRENSA 7-4;46;241,04;LIBERADO;;0,84516129;5,24
RETAIL;P5 2025 O ;(en blanco);ES 1006     ;2-C.I. ENERGIA SOLAR S.A.;151251-72;T6;6063;6,2;2604 Bone White;PINTURA;PRENSA 7-4;101;529,24;LIBERADO;;0,84516129;5,24
RETAIL;P5 2025 O ;OC 868716-E_RVSEM6 X - Bodega B2 Proyecto 000000003049 -> PROY STOCK ESW 2024                                                                                                                                                                                  ;ES 1007     ;2-C.I. ENERGIA SOLAR S.A.;151255-3;T6;6063;6,2;Duranar Bermuda Bronze;PINTURA;PRENSA 5;25;57;PENDIENTE;;0,367741935;2,28
RETAIL;P5 2025 O ;(en blanco);ES 1007     ;2-C.I. ENERGIA SOLAR S.A.;151251-76;T6;6063;6,2;2604 Bone White;PINTURA;PRENSA 5;360;820,8;LIBERADO;;0,367741935;2,28
RETAIL;P5 2025 O ;(en blanco);ES 1007     ;2-C.I. ENERGIA SOLAR S.A.;151251-83;T6;6063;6,2;2604 Bermuda Bronze;PINTURA;PRENSA 5;77;175,56;LIBERADO;;0,367741935;2,28
RETAIL;P5 2025 O ;(en blanco);ES 1007     ;2-C.I. ENERGIA SOLAR S.A.;151251-86;T6;6063;5,1;2604 Bone White;PINTURA;PRENSA 5;6;11,28;LIBERADO;;0,368627451;1,88
RETAIL;P5 2025 O ;(en blanco);ES 1013     ;2-C.I. ENERGIA SOLAR S.A.;151251-13;T6;6063;6,2;Duranar Bone White;PINTURA;PRENSA 4;4;5,52;LIBERADO;;0,222580645;1,38
RETAIL;P5 2025 O ;OC 868715-E_IIRTSEM6 X - Bodega B6 Proyecto 000000003049 -> PROY STOCK ESW 2024                                                                                                                                                                                ;ES 1014     ;2-C.I. ENERGIA SOLAR S.A.;151256-13;T6;6063;3,2;Clear Anodized class 1;ANODIZADO;PRENSA 4;480;153,6;PENDIENTE;;0,1;0,32
RETAIL;P5 2025 O ;OC 868715-E_IIRTSEM6 X - Bodega B6 Proyecto 000000003049 -> PROY STOCK ESW 2024                                                                                                                                                                                ;ES 1014     ;2-C.I. ENERGIA SOLAR S.A.;151256-8;T6;6063;3,2;2604 Bermuda Bronze;PINTURA;PRENSA 4;480;153,6;PENDIENTE;;0,1;0,32
RETAIL;P5 2025 O ;OC 868715-E_IIRTSEM6 X - Bodega B6 Proyecto 000000003049 -> PROY STOCK ESW 2024                                                                                                                                                                                ;ES 1014     ;2-C.I. ENERGIA SOLAR S.A.;151256-9;T6;6063;3,2;2604 Bone White;PINTURA;PRENSA 4;480;153,6;PENDIENTE;;0,1;0,32
RETAIL;P5 2025 O ;(en blanco);ES 1014     ;2-C.I. ENERGIA SOLAR S.A.;151251-57;T6;6063;6,2;2604 Bone White;PINTURA;PRENSA 4;54;32,94;LIBERADO;;0,098387097;0,61
RETAIL;P5 2025 O ;(en blanco);ES 1015     ;2-C.I. ENERGIA SOLAR S.A.;151251-12;T6;6063;6,2;Embero DS739+2301/02L;PINTURA PWR;PRENSA 5;10;9,1;PENDIENTE;;0,146774194;0,91
RETAIL;P5 2025 O ;(en blanco);ES 1015     ;2-C.I. ENERGIA SOLAR S.A.;151251-58;T6;6063;6,2;2604 Bone White;PINTURA;PRENSA 5;65;59,15;PENDIENTE;;0,146774194;0,91
RETAIL;P5 2025 O ;(en blanco);ES 1015     ;2-C.I. ENERGIA SOLAR S.A.;151251-9;T6;6063;6,2;Clear Anodized class 1;ANODIZADO;PRENSA 5;7;6,37;PENDIENTE;;0,146774194;0,91
RETAIL;P5 2025 O ;(en blanco);ES 1052     ;2-C.I. ENERGIA SOLAR S.A.;151251-106;T6;6063;6,2;2604 Bermuda Bronze;PINTURA;PRENSA 7-4;34;151,98;LIBERADO;;0,720967742;4,47
RETAIL;P5 2025 O ;(en blanco);ES 1052     ;2-C.I. ENERGIA SOLAR S.A.;151251-117;T6;6063;6,2;2604 Bone White;PINTURA;PRENSA 7-4;139;621,33;LIBERADO;;0,720967742;4,47
RETAIL;P5 2025 O ;OC 868716-E_RVSEM6 X - Bodega B2 Proyecto 000000003049 -> PROY STOCK ESW 2024                                                                                                                                                                                  ;ES 1102     ;2-C.I. ENERGIA SOLAR S.A.;151255-14;T6;6063;5,1;Duranar Bermuda Bronze;PINTURA;PRENSA 7-1;35;35,35;PENDIENTE;;0,198039216;1,01
RETAIL;P5 2025 O ;OC 868716-E_RVSEM6 X - Bodega B2 Proyecto 000000003049 -> PROY STOCK ESW 2024                                                                                                                                                                                  ;ES 1102     ;2-C.I. ENERGIA SOLAR S.A.;151255-2;T6;6063;6,2;Duranar Bermuda Bronze;PINTURA;PRENSA 7-1;80;98,4;PENDIENTE;;0,198387097;1,23
RETAIL;P5 2025 O ;(en blanco);ES 1106     ;2-C.I. ENERGIA SOLAR S.A.;151251-118;T6;6063;5,1;2604 Bone White;PINTURA;PRENSA 5;4;3,92;PENDIENTE;;0,192156863;0,98
RETAIL;P5 2025 O ;(en blanco);ES 1502     ;2-C.I. ENERGIA SOLAR S.A.;151251-164;T6;6063;7,6;2604 Bone White;PINTURA;PRENSA 7-4;4;5;PENDIENTE;;0,164473684;1,25
RETAIL;P5 2025 O ;(en blanco);ES 1502     ;2-C.I. ENERGIA SOLAR S.A.;151251-68;T6;6063;6,2;2604 Bone White;PINTURA;PRENSA 7-4;166;169,32;PENDIENTE;;0,164516129;1,02
RETAIL;P5 2025 O ;(en blanco);ES 1502     ;2-C.I. ENERGIA SOLAR S.A.;151251-89;T6;6063;6,2;2604 Bermuda Bronze;PINTURA;PRENSA 7-4;94;95,88;PENDIENTE;;0,164516129;1,02
RETAIL;P5 2025 O ;OC 868716-E_RVSEM6 X - Bodega B2 Proyecto 000000003049 -> PROY STOCK ESW 2024                                                                                                                                                                                  ;ES 1505     ;2-C.I. ENERGIA SOLAR S.A.;151255-12;T6;6063;5,5;Duranar Bermuda Bronze;PINTURA;PRENSA 4;18;70,2;PENDIENTE;;0,709090909;3,9
RETAIL;P5 2025 O ;OC 868716-E_RVSEM6 X - Bodega B2 Proyecto 000000003049 -> PROY STOCK ESW 2024                                                                                                                                                                                  ;ES 1505     ;2-C.I. ENERGIA SOLAR S.A.;151255-7;T6;6063;5,1;Duranar Bermuda Bronze;PINTURA;PRENSA 4;79;285,98;PENDIENTE;;0,709803922;3,62
RETAIL;P5 2025 O ;(en blanco);ES 2001     ;2-C.I. ENERGIA SOLAR S.A.;151251-101;T6;6063;6,2;2604 Bermuda Bronze;PINTURA;PRENSA 7-1;29;263,03;LIBERADO;;1,462903226;9,07
RETAIL;P5 2025 O ;(en blanco);ES 2001     ;2-C.I. ENERGIA SOLAR S.A.;151251-108;T6;6063;6,2;2604 Bone White;PINTURA;PRENSA 7-1;87;789,09;LIBERADO;;1,462903226;9,07
RETAIL;P5 2025 O ;(en blanco);ES 2001     ;2-C.I. ENERGIA SOLAR S.A.;151251-112;T6;6063;5,1;2604 Bermuda Bronze;PINTURA;PRENSA 7-1;10;74,6;LIBERADO;;1,462745098;7,46
RETAIL;P5 2025 O ;(en blanco);ES 2001     ;2-C.I. ENERGIA SOLAR S.A.;151251-142;T6;6063;5,5;2604 Bone White;PINTURA;PRENSA 7-1;8;64,4;LIBERADO;;1,463636364;8,05
RETAIL;P5 2025 O ;OC 868716-E_RVSEM6 X - Bodega B2 Proyecto 000000003049 -> PROY STOCK ESW 2024                                                                                                                                                                                  ;ES 2002     ;2-C.I. ENERGIA SOLAR S.A.;151255-8;T6;6063;6,2;Duranar Bermuda Bronze;PINTURA;PRENSA 7-3;23;25,53;PENDIENTE;;0,179032258;1,11
RETAIL;P5 2025 O ;(en blanco);ES 2002     ;2-C.I. ENERGIA SOLAR S.A.;151251-114;T6;6063;5,6;2604 Bermuda Bronze;PINTURA;PRENSA 7-3;8;8;LIBERADO;;0,178571429;1
RETAIL;P5 2025 O ;(en blanco);ES 2002     ;2-C.I. ENERGIA SOLAR S.A.;151251-73;T6;6063;6,2;2604 Bone White;PINTURA;PRENSA 7-3;100;111;LIBERADO;;0,179032258;1,11
RETAIL;P5 2025 O ;(en blanco);ES 2002     ;2-C.I. ENERGIA SOLAR S.A.;151251-95;T6;6063;6,2;2604 Bermuda Bronze;PINTURA;PRENSA 7-3;47;52,17;LIBERADO;;0,179032258;1,11
RETAIL;P5 2025 O ;OC 868716-E_RVSEM6 X - Bodega B2 Proyecto 000000003049 -> PROY STOCK ESW 2024                                                                                                                                                                                  ;ES 2003     ;2-C.I. ENERGIA SOLAR S.A.;151255-9;T6;6063;5,1;Duranar Bermuda Bronze;PINTURA;PRENSA 7-4;51;213,69;PENDIENTE;;0,821568627;4,19
RETAIL;P5 2025 O ;(en blanco);ES 2003     ;2-C.I. ENERGIA SOLAR S.A.;151251-154;T6;6063;5,4;2604 Bone White;PINTURA;PRENSA 7-4;39;173,16;PENDIENTE;;0,822222222;4,44
RETAIL;P5 2025 O ;(en blanco);ES 2003     ;2-C.I. ENERGIA SOLAR S.A.;151251-74;T6;6063;6,2;2604 Bone White;PINTURA;PRENSA 7-4;127;647,7;PENDIENTE;;0,822580645;5,1
GMP;P5 2025 O ;OC 868691-E-NOMI-OX-DEL1-2 X - Bodega B2 Proyecto 000000003215 -> NOMI 2 -MIAMI                                                                                                                                                                                ;ES 2011     ;2-C.I. ENERGIA SOLAR S.A.;151208-13;T6;6063;6,2;2604 Bermuda Bronze;PINTURA;PRENSA 5;48;73,44;LIBERADO;;0,246774194;1,53
RETAIL;P5 2025 O ;OC 868716-E_RVSEM6 X - Bodega B2 Proyecto 000000003049 -> PROY STOCK ESW 2024                                                                                                                                                                                  ;ES 2011     ;2-C.I. ENERGIA SOLAR S.A.;151255-13;T6;6063;6;Duranar Bermuda Bronze;PINTURA;PRENSA 5;22;32,56;PENDIENTE;;0,246666667;1,48
RETAIL;P5 2025 O ;(en blanco);ES 2011     ;2-C.I. ENERGIA SOLAR S.A.;151251-11;T6;6063;5,1;Clear Anodized class 1;ANODIZADO;PRENSA 5;4;5,04;LIBERADO;;0,247058824;1,26
RETAIL;P5 2025 O ;(en blanco);ES 2011     ;2-C.I. ENERGIA SOLAR S.A.;151251-127;T6;6063;5,3;2604 Bermuda Bronze;PINTURA;PRENSA 5;4;5,24;LIBERADO;;0,247169811;1,31
RETAIL;P5 2025 O ;(en blanco);ES 2011     ;2-C.I. ENERGIA SOLAR S.A.;151251-35;T6;6063;6,2;2604 Bermuda Bronze;PINTURA;PRENSA 5;93;142,29;LIBERADO;;0,246774194;1,53
RETAIL;P5 2025 O ;(en blanco);ES 2011     ;2-C.I. ENERGIA SOLAR S.A.;151251-61;T6;6063;6,2;2604 Bone White;PINTURA;PRENSA 5;83;126,99;LIBERADO;;0,246774194;1,53
RETAIL;P5 2025 O ;OC 868716-E_RVSEM6 X - Bodega B2 Proyecto 000000003049 -> PROY STOCK ESW 2024                                                                                                                                                                                  ;ES 2012B    ;2-C.I. ENERGIA SOLAR S.A.;151255-16;T6;6063;5,9;Duranar Bermuda Bronze;PINTURA;PRENSA 7-1;24;246,96;PENDIENTE;;1,744067797;10,29
RETAIL;P5 2025 O ;(en blanco);ES 2012B    ;2-C.I. ENERGIA SOLAR S.A.;151251-130;T6;6063;4,5;2604 Bone White;PINTURA;PRENSA 7-1;4;31,4;LIBERADO;;1,744444444;7,85
RETAIL;P5 2025 O ;(en blanco);ES 2012B    ;2-C.I. ENERGIA SOLAR S.A.;151251-136;T6;6063;4;2604 Bone White;PINTURA;PRENSA 7-1;9;62,82;LIBERADO;;1,745;6,98
RETAIL;P5 2025 O ;(en blanco);ES 2012B    ;2-C.I. ENERGIA SOLAR S.A.;151251-143;T6;6063;5,5;2604 Bone White;PINTURA;PRENSA 7-1;9;86,31;LIBERADO;;1,743636364;9,59
RETAIL;P5 2025 O ;(en blanco);ES 2012B    ;2-C.I. ENERGIA SOLAR S.A.;151251-146;T6;6063;5,7;2604 Bermuda Bronze;PINTURA;PRENSA 7-1;5;49,7;LIBERADO;;1,743859649;9,94
RETAIL;P5 2025 O ;(en blanco);ES 2012B    ;2-C.I. ENERGIA SOLAR S.A.;151251-77;T6;6063;6,2;2604 Bone White;PINTURA;PRENSA 7-1;7;75,67;LIBERADO;;1,743548387;10,81
RETAIL;P5 2025 O ;OC 868716-E_RVSEM6 X - Bodega B2 Proyecto 000000003049 -> PROY STOCK ESW 2024                                                                                                                                                                                  ;ES 2013     ;2-C.I. ENERGIA SOLAR S.A.;151255-11;T6;6063;6,2;Duranar Bermuda Bronze;PINTURA;PRENSA 7-5;21;16,59;PENDIENTE;;0,127419355;0,79
RETAIL;P5 2025 O ;(en blanco);ES 2013     ;2-C.I. ENERGIA SOLAR S.A.;151251-75;T6;6063;6,2;2604 Bone White;PINTURA;PRENSA 7-5;9;7,11;PENDIENTE;;0,127419355;0,79
RETAIL;P5 2025 O ;OC 868714-E_RTSM6 X - Bodega B6 Proyecto 000000003049 -> PROY STOCK ESW 2024                                                                                                                                                                                   ;ES 3001     ;2-C.I. ENERGIA SOLAR S.A.;151261-120;T6;6063;6,2;2604 Bermuda Bronze;PINTURA;PRENSA 9-2;51;487,56;PENDIENTE;;1,541935484;9,56
RETAIL;P5 2025 O ;OC 868714-E_RTSM6 X - Bodega B6 Proyecto 000000003049 -> PROY STOCK ESW 2024                                                                                                                                                                                   ;ES 3001     ;2-C.I. ENERGIA SOLAR S.A.;151261-148;T6;6063;6,2;2604 Bone White;PINTURA;PRENSA 9-2;74;707,44;PENDIENTE;;1,541935484;9,56
RETAIL;P5 2025 O ;OC 868714-E_RTSM6 X - Bodega B6 Proyecto 000000003049 -> PROY STOCK ESW 2024                                                                                                                                                                                   ;ES 3001     ;2-C.I. ENERGIA SOLAR S.A.;151261-174;T6;6063;5,1;2604 Bone White;PINTURA;PRENSA 9-2;54;424,44;PENDIENTE;;1,541176471;7,86
RETAIL;P5 2025 O ;OC 868714-E_RTSM6 X - Bodega B6 Proyecto 000000003049 -> PROY STOCK ESW 2024                                                                                                                                                                                   ;ES 3001     ;2-C.I. ENERGIA SOLAR S.A.;151261-189;T6;6063;5,1;2604 Bermuda Bronze;PINTURA;PRENSA 9-2;6;47,16;PENDIENTE;;1,541176471;7,86
RETAIL;P5 2025 O ;OC 868714-E_RTSM6 X - Bodega B6 Proyecto 000000003049 -> PROY STOCK ESW 2024                                                                                                                                                                                   ;ES 3002     ;2-C.I. ENERGIA SOLAR S.A.;151261-11;T6;6063;5,1;Clear Anodized class 1;ANODIZADO;PRENSA 7-5;4;27,16;PENDIENTE;;1,331372549;6,79
RETAIL;P5 2025 O ;OC 868714-E_RTSM6 X - Bodega B6 Proyecto 000000003049 -> PROY STOCK ESW 2024                                                                                                                                                                                   ;ES 3002     ;2-C.I. ENERGIA SOLAR S.A.;151261-125;T6;6063;6,2;2604 Bermuda Bronze;PINTURA;PRENSA 7-5;10;82,5;PENDIENTE;;1,330645161;8,25
RETAIL;P5 2025 O ;OC 868714-E_RTSM6 X - Bodega B6 Proyecto 000000003049 -> PROY STOCK ESW 2024                                                                                                                                                                                   ;ES 3002     ;2-C.I. ENERGIA SOLAR S.A.;151261-338;T6;6063;3,7;2604 Bone White;PINTURA;PRENSA 7-5;5;24,6;PENDIENTE;;1,32972973;4,92
RETAIL;P5 2025 O ;OC 868714-E_RTSM6 X - Bodega B6 Proyecto 000000003049 -> PROY STOCK ESW 2024                                                                                                                                                                                   ;ES 3003     ;2-C.I. ENERGIA SOLAR S.A.;151261-216;T6;6063;5,1;2604 Bone White;PINTURA;PRENSA 7-4;5;18,3;PENDIENTE;;0,717647059;3,66
RETAIL;P5 2025 O ;OC 868711-E-PD-ACC-SP5 X - Bodega B6 Proyecto 000000003049 -> PROY STOCKESW 2024                                                                                                                                                                               ;ES 3004     ;2-C.I. ENERGIA SOLAR S.A.;151260-7;T6;6063;6,2;Mill Finish;MILL;PRENSA 7-3;40;149,6;PENDIENTE;;0,603225806;3,74
RETAIL;P5 2025 O ;OC 868714-E_RTSM6 X - Bodega B6 Proyecto 000000003049 -> PROY STOCK ESW 2024                                                                                                                                                                                   ;ES 3005     ;2-C.I. ENERGIA SOLAR S.A.;151261-123;T6;6063;6,2;2604 Bermuda Bronze;PINTURA;PRENSA 9-2;26;287,82;PENDIENTE;;1,785483871;11,07
RETAIL;P5 2025 O ;OC 868714-E_RTSM6 X - Bodega B6 Proyecto 000000003049 -> PROY STOCK ESW 2024                                                                                                                                                                                   ;ES 3005     ;2-C.I. ENERGIA SOLAR S.A.;151261-146;T6;6063;6,2;2604 Bone White;PINTURA;PRENSA 9-2;22;243,54;PENDIENTE;;1,785483871;11,07
RETAIL;P5 2025 O ;OC 868714-E_RTSM6 X - Bodega B6 Proyecto 000000003049 -> PROY STOCK ESW 2024                                                                                                                                                                                   ;ES 3005     ;2-C.I. ENERGIA SOLAR S.A.;151261-177;T6;6063;5,1;2604 Bone White;PINTURA;PRENSA 9-2;4;36,44;PENDIENTE;;1,78627451;9,11
RETAIL;P5 2025 O ;OC 868714-E_RTSM6 X - Bodega B6 Proyecto 000000003049 -> PROY STOCK ESW 2024                                                                                                                                                                                   ;ES 3005     ;2-C.I. ENERGIA SOLAR S.A.;151261-339;T6;6063;3,7;2604 Bone White;PINTURA;PRENSA 9-2;14;92,54;PENDIENTE;;1,786486486;6,61
RETAIL;P5 2025 O ;OC 868714-E_RTSM6 X - Bodega B6 Proyecto 000000003049 -> PROY STOCK ESW 2024                                                                                                                                                                                   ;ES 3006     ;2-C.I. ENERGIA SOLAR S.A.;151261-126;T6;6063;6,2;2604 Bermuda Bronze;PINTURA;PRENSA 9-2;15;189,9;PENDIENTE;;2,041935484;12,66
RETAIL;P5 2025 O ;OC 868714-E_RTSM6 X - Bodega B6 Proyecto 000000003049 -> PROY STOCK ESW 2024                                                                                                                                                                                   ;ES 3006     ;2-C.I. ENERGIA SOLAR S.A.;151261-149;T6;6063;6,2;2604 Bone White;PINTURA;PRENSA 9-2;34;430,44;PENDIENTE;;2,041935484;12,66
RETAIL;P5 2025 O ;OC 868714-E_RTSM6 X - Bodega B6 Proyecto 000000003049 -> PROY STOCK ESW 2024                                                                                                                                                                                   ;ES 3006     ;2-C.I. ENERGIA SOLAR S.A.;151261-304;T6;6063;5;2604 Bone White;PINTURA;PRENSA 9-2;29;296,09;PENDIENTE;;2,042;10,21
RETAIL;P5 2025 O ;OC 868714-E_RTSM6 X - Bodega B6 Proyecto 000000003049 -> PROY STOCK ESW 2024                                                                                                                                                                                   ;ES 3006     ;2-C.I. ENERGIA SOLAR S.A.;151261-305;T6;6063;5;2604 Bermuda Bronze;PINTURA;PRENSA 9-2;22;224,62;PENDIENTE;;2,042;10,21
RETAIL;P5 2025 O ;OC 868714-E_RTSM6 X - Bodega B6 Proyecto 000000003049 -> PROY STOCK ESW 2024                                                                                                                                                                                   ;ES 3007     ;2-C.I. ENERGIA SOLAR S.A.;151261-124;T6;6063;6,2;2604 Bermuda Bronze;PINTURA;PRENSA 9-2;15;201;PENDIENTE;;2,161290323;13,4
RETAIL;P5 2025 O ;OC 868714-E_RTSM6 X - Bodega B6 Proyecto 000000003049 -> PROY STOCK ESW 2024                                                                                                                                                                                   ;ES 3007     ;2-C.I. ENERGIA SOLAR S.A.;151261-151;T6;6063;6,2;2604 Bone White;PINTURA;PRENSA 9-2;50;670;PENDIENTE;;2,161290323;13,4
RETAIL;P5 2025 O ;OC 868714-E_RTSM6 X - Bodega B6 Proyecto 000000003049 -> PROY STOCK ESW 2024                                                                                                                                                                                   ;ES 3007     ;2-C.I. ENERGIA SOLAR S.A.;151261-306;T6;6063;5;2604 Bone White;PINTURA;PRENSA 9-2;13;140,53;PENDIENTE;;2,162;10,81
RETAIL;P5 2025 O ;OC 868714-E_RTSM6 X - Bodega B6 Proyecto 000000003049 -> PROY STOCK ESW 2024                                                                                                                                                                                   ;ES 3007     ;2-C.I. ENERGIA SOLAR S.A.;151261-307;T6;6063;5;2604 Bermuda Bronze;PINTURA;PRENSA 9-2;37;399,97;PENDIENTE;;2,162;10,81
RETAIL;P5 2025 O ;OC 868714-E_RTSM6 X - Bodega B6 Proyecto 000000003049 -> PROY STOCK ESW 2024                                                                                                                                                                                   ;ES 3008     ;2-C.I. ENERGIA SOLAR S.A.;151261-152;T6;6063;6,2;2604 Bone White;PINTURA;PRENSA 7-4;11;94,6;PENDIENTE;;1,387096774;8,6
RETAIL;P5 2025 O ;OC 868714-E_RTSM6 X - Bodega B6 Proyecto 000000003049 -> PROY STOCK ESW 2024                                                                                                                                                                                   ;ES 3008     ;2-C.I. ENERGIA SOLAR S.A.;151261-207;T6;6063;5,1;2604 Bone White;PINTURA;PRENSA 7-4;12;84,84;PENDIENTE;;1,38627451;7,07
RETAIL;P5 2025 O ;OC 868714-E_RTSM6 X - Bodega B6 Proyecto 000000003049 -> PROY STOCK ESW 2024                                                                                                                                                                                   ;ES 3008     ;2-C.I. ENERGIA SOLAR S.A.;151261-208;T6;6063;5,1;2604 Bermuda Bronze;PINTURA;PRENSA 7-4;4;28,28;PENDIENTE;;1,38627451;7,07
RETAIL;P5 2025 O ;OC 868714-E_RTSM6 X - Bodega B6 Proyecto 000000003049 -> PROY STOCK ESW 2024                                                                                                                                                                                   ;ES 3011     ;2-C.I. ENERGIA SOLAR S.A.;151261-122;T6;6063;6,2;2604 Bermuda Bronze;PINTURA;PRENSA 5;51;65,28;PENDIENTE;;0,206451613;1,28
RETAIL;P5 2025 O ;OC 868714-E_RTSM6 X - Bodega B6 Proyecto 000000003049 -> PROY STOCK ESW 2024                                                                                                                                                                                   ;ES 3011     ;2-C.I. ENERGIA SOLAR S.A.;151261-150;T6;6063;6,2;2604 Bone White;PINTURA;PRENSA 5;111;142,08;PENDIENTE;;0,206451613;1,28
RETAIL;P5 2025 O ;OC 868714-E_RTSM6 X - Bodega B6 Proyecto 000000003049 -> PROY STOCK ESW 2024                                                                                                                                                                                   ;ES 3011     ;2-C.I. ENERGIA SOLAR S.A.;151261-187;T6;6063;5,1;2604 Bermuda Bronze;PINTURA;PRENSA 5;5;5,25;PENDIENTE;;0,205882353;1,05
RETAIL;P5 2025 O ;OC 868714-E_RTSM6 X - Bodega B6 Proyecto 000000003049 -> PROY STOCK ESW 2024                                                                                                                                                                                   ;ES 3011     ;2-C.I. ENERGIA SOLAR S.A.;151261-202;T6;6063;5,1;2604 Bone White;PINTURA;PRENSA 5;5;5,25;PENDIENTE;;0,205882353;1,05
RETAIL;P5 2025 O ;OC 868714-E_RTSM6 X - Bodega B6 Proyecto 000000003049 -> PROY STOCK ESW 2024                                                                                                                                                                                   ;ES 3013     ;2-C.I. ENERGIA SOLAR S.A.;151261-121;T6;6063;6,2;2604 Bermuda Bronze;PINTURA;PRENSA 7-5;39;62,01;PENDIENTE;;0,256451613;1,59
RETAIL;P5 2025 O ;OC 868714-E_RTSM6 X - Bodega B6 Proyecto 000000003049 -> PROY STOCK ESW 2024                                                                                                                                                                                   ;ES 3013     ;2-C.I. ENERGIA SOLAR S.A.;151261-147;T6;6063;6,2;2604 Bone White;PINTURA;PRENSA 7-5;49;77,91;PENDIENTE;;0,256451613;1,59
RETAIL;P5 2025 O ;OC 868714-E_RTSM6 X - Bodega B6 Proyecto 000000003049 -> PROY STOCK ESW 2024                                                                                                                                                                                   ;ES 3013     ;2-C.I. ENERGIA SOLAR S.A.;151261-178;T6;6063;5,1;2604 Bone White;PINTURA;PRENSA 7-5;6;7,86;PENDIENTE;;0,256862745;1,31
RETAIL;P5 2025 O ;OC 868714-E_RTSM6 X - Bodega B6 Proyecto 000000003049 -> PROY STOCK ESW 2024                                                                                                                                                                                   ;ES 3024     ;2-C.I. ENERGIA SOLAR S.A.;151261-217;T6;6063;5,1;2604 Bermuda Bronze;PINTURA;PRENSA 9;4;57,24;PENDIENTE;;2,805882353;14,31
RETAIL;P5 2025 O ;OC 868714-E_RTSM6 X - Bodega B6 Proyecto 000000003049 -> PROY STOCK ESW 2024                                                                                                                                                                                   ;ES 4001     ;2-C.I. ENERGIA SOLAR S.A.;151261-241;T6;6063;5,1;2604 Bermuda Bronze;PINTURA;PRENSA 7-5;6;31,98;PENDIENTE;;1,045098039;5,33
RETAIL;P5 2025 O ;OC 868714-E_RTSM6 X - Bodega B6 Proyecto 000000003049 -> PROY STOCK ESW 2024                                                                                                                                                                                   ;ES 4001     ;2-C.I. ENERGIA SOLAR S.A.;151261-254;T6;6063;5,1;2604 Bone White;PINTURA;PRENSA 7-5;14;74,62;PENDIENTE;;1,045098039;5,33
RETAIL;P5 2025 O ;OC 868714-E_RTSM6 X - Bodega B6 Proyecto 000000003049 -> PROY STOCK ESW 2024                                                                                                                                                                                   ;ES 4001     ;2-C.I. ENERGIA SOLAR S.A.;151261-261;T6;6063;6,2;2604 Bone White;PINTURA;PRENSA 7-5;4;25,92;PENDIENTE;;1,04516129;6,48
RETAIL;P5 2025 O ;OC 868714-E_RTSM6 X - Bodega B6 Proyecto 000000003049 -> PROY STOCK ESW 2024                                                                                                                                                                                   ;ES 4002     ;2-C.I. ENERGIA SOLAR S.A.;151261-1;T6;6063;5,1;Clear Anodized class 1;ANODIZADO;PRENSA 7-5;19;99,56;PENDIENTE;;1,02745098;5,24
RETAIL;P5 2025 O ;OC 868714-E_RTSM6 X - Bodega B6 Proyecto 000000003049 -> PROY STOCK ESW 2024                                                                                                                                                                                   ;ES 4002     ;2-C.I. ENERGIA SOLAR S.A.;151261-2;T6;6063;6,2;Clear Anodized class 1;ANODIZADO;PRENSA 7-5;23;146,51;PENDIENTE;;1,027419355;6,37
RETAIL;P5 2025 O ;OC 868714-E_RTSM6 X - Bodega B6 Proyecto 000000003049 -> PROY STOCK ESW 2024                                                                                                                                                                                   ;ES 4003     ;2-C.I. ENERGIA SOLAR S.A.;151261-249;T6;6063;6,2;2604 Bermuda Bronze;PINTURA;PRENSA 7-4;5;26,15;PENDIENTE;;0,843548387;5,23
RETAIL;P5 2025 O ;OC 868714-E_RTSM6 X - Bodega B6 Proyecto 000000003049 -> PROY STOCK ESW 2024                                                                                                                                                                                   ;ES 4003     ;2-C.I. ENERGIA SOLAR S.A.;151261-255;T6;6063;5,1;2604 Bone White;PINTURA;PRENSA 7-4;29;124,7;PENDIENTE;;0,843137255;4,3
RETAIL;P5 2025 O ;OC 868714-E_RTSM6 X - Bodega B6 Proyecto 000000003049 -> PROY STOCK ESW 2024                                                                                                                                                                                   ;ES 4003     ;2-C.I. ENERGIA SOLAR S.A.;151261-262;T6;6063;6,2;2604 Bone White;PINTURA;PRENSA 7-4;8;41,84;PENDIENTE;;0,843548387;5,23
RETAIL;P5 2025 O ;OC 868714-E_RTSM6 X - Bodega B6 Proyecto 000000003049 -> PROY STOCK ESW 2024                                                                                                                                                                                   ;ES 4005     ;2-C.I. ENERGIA SOLAR S.A.;151261-242;T6;6063;5,1;2604 Bermuda Bronze;PINTURA;PRENSA 7-5;11;49,39;PENDIENTE;;0,880392157;4,49
RETAIL;P5 2025 O ;OC 868714-E_RTSM6 X - Bodega B6 Proyecto 000000003049 -> PROY STOCK ESW 2024                                                                                                                                                                                   ;ES 4005     ;2-C.I. ENERGIA SOLAR S.A.;151261-256;T6;6063;5,1;2604 Bone White;PINTURA;PRENSA 7-5;22;98,78;PENDIENTE;;0,880392157;4,49
RETAIL;P5 2025 O ;OC 868714-E_RTSM6 X - Bodega B6 Proyecto 000000003049 -> PROY STOCK ESW 2024                                                                                                                                                                                   ;ES 4005     ;2-C.I. ENERGIA SOLAR S.A.;151261-263;T6;6063;6,2;2604 Bone White;PINTURA;PRENSA 7-5;21;114,66;PENDIENTE;;0,880645161;5,46
RETAIL;P5 2025 O ;OC 868714-E_RTSM6 X - Bodega B6 Proyecto 000000003049 -> PROY STOCK ESW 2024                                                                                                                                                                                   ;ES 4006     ;2-C.I. ENERGIA SOLAR S.A.;151261-250;T6;6063;6,2;2604 Bermuda Bronze;PINTURA;PRENSA 7-5;26;185,64;PENDIENTE;;1,151612903;7,14
RETAIL;P5 2025 O ;OC 868714-E_RTSM6 X - Bodega B6 Proyecto 000000003049 -> PROY STOCK ESW 2024                                                                                                                                                                                   ;ES 4006     ;2-C.I. ENERGIA SOLAR S.A.;151261-257;T6;6063;5,1;2604 Bone White;PINTURA;PRENSA 7-5;21;123,27;PENDIENTE;;1,150980392;5,87
RETAIL;P5 2025 O ;OC 868714-E_RTSM6 X - Bodega B6 Proyecto 000000003049 -> PROY STOCK ESW 2024                                                                                                                                                                                   ;ES 4006     ;2-C.I. ENERGIA SOLAR S.A.;151261-264;T6;6063;6,2;2604 Bone White;PINTURA;PRENSA 7-5;14;99,96;PENDIENTE;;1,151612903;7,14
RETAIL;P5 2025 O ;OC 868685-E ADDP5 X - Bodega B6 Proyecto 000000003049 -> PROY STOCK ESW 2024                                                                                                                                                                                   ;ES 4007     ;2-C.I. ENERGIA SOLAR S.A.;151189-1;T6;6063;5,1;Polycron LG Bronze;PINTURA;PRENSA 7-4;5;36,55;LIBERADO;;1,433333333;7,31
RETAIL;P5 2025 O ;OC 868714-E_RTSM6 X - Bodega B6 Proyecto 000000003049 -> PROY STOCK ESW 2024                                                                                                                                                                                   ;ES 4007     ;2-C.I. ENERGIA SOLAR S.A.;151261-251;T6;6063;6,2;2604 Bermuda Bronze;PINTURA;PRENSA 7-4;5;44,45;PENDIENTE;;1,433870968;8,89
RETAIL;P5 2025 O ;OC 868714-E_RTSM6 X - Bodega B6 Proyecto 000000003049 -> PROY STOCK ESW 2024                                                                                                                                                                                   ;ES 4007     ;2-C.I. ENERGIA SOLAR S.A.;151261-287;T6;6063;5,1;2604 Bone White;PINTURA;PRENSA 7-4;4;29,24;PENDIENTE;;1,433333333;7,31
RETAIL;P5 2025 O ;OC 868685-E ADDP5 X - Bodega B6 Proyecto 000000003049 -> PROY STOCK ESW 2024                                                                                                                                                                                   ;ES 4008     ;2-C.I. ENERGIA SOLAR S.A.;151189-4;T6;6063;5,1;Mill Finish Alodine;PINTURA;PRENSA 7-4;7;19,04;LIBERADO;;0,533333333;2,72
RETAIL;P5 2025 O ;OC 868714-E_RTSM6 X - Bodega B6 Proyecto 000000003049 -> PROY STOCK ESW 2024                                                                                                                                                                                   ;ES 4008     ;2-C.I. ENERGIA SOLAR S.A.;151261-46;T6;6063;6,2;Mill Finish Alodine;PINTURA;PRENSA 7-4;8;26,4;PENDIENTE;;0,532258065;3,3
RETAIL;P5 2025 O ;OC 868714-E_RTSM6 X - Bodega B6 Proyecto 000000003049 -> PROY STOCK ESW 2024                                                                                                                                                                                   ;ES 4008     ;2-C.I. ENERGIA SOLAR S.A.;151261-47;T6;6063;5,1;Mill Finish Alodine;PINTURA;PRENSA 7-4;12;32,64;PENDIENTE;;0,533333333;2,72
GMP;P5 2025 O ;OC 868688-E-ENTOURAGE-3-3A-4-5 X - Bodega B6 Proyecto 000000003225 -> ENTOURAGE IN THE SUN-MIAMI                                                                                                                                                               ;ES 6001     ;2-C.I. ENERGIA SOLAR S.A.;151198-12;T5;6005;5,1;2604 Bone White;PINTURA;PRENSA 9-2;11;115,39;PENDIENTE;;2,056862745;10,49
RETAIL;P5 2025 O ;OC 868714-E_RTSM6 X - Bodega B6 Proyecto 000000003049 -> PROY STOCK ESW 2024                                                                                                                                                                                   ;ES 6001     ;2-C.I. ENERGIA SOLAR S.A.;151261-200;T5;6005;6,2;2604 Bone White;PINTURA;PRENSA 9-2;7;89,25;PENDIENTE;;2,056451613;12,75
GMP;P5 2025 O ;OC 868688-E-ENTOURAGE-3-3A-4-5 X - Bodega B6 Proyecto 000000003225 -> ENTOURAGE IN THE SUN-MIAMI                                                                                                                                                               ;ES 6003     ;2-C.I. ENERGIA SOLAR S.A.;151198-5;T6;6063;6,2;2604 Bone White;PINTURA;PRENSA 9-2;17;178,84;LIBERADO;;1,696774194;10,52
RETAIL;P5 2025 O ;OC 868714-E_RTSM6 X - Bodega B6 Proyecto 000000003049 -> PROY STOCK ESW 2024                                                                                                                                                                                   ;ES 6004     ;2-C.I. ENERGIA SOLAR S.A.;151261-258;T6;6063;5,1;2604 Bone White;PINTURA;PRENSA 7-3;4;36,08;PENDIENTE;;1,768627451;9,02
RETAIL;P5 2025 O ;OC 868714-E_RTSM6 X - Bodega B6 Proyecto 000000003049 -> PROY STOCK ESW 2024                                                                                                                                                                                   ;ES 6004     ;2-C.I. ENERGIA SOLAR S.A.;151261-265;T6;6063;6,2;2604 Bone White;PINTURA;PRENSA 7-3;4;43,84;PENDIENTE;;1,767741935;10,96
RETAIL;P5 2025 O ;OC 868714-E_RTSM6 X - Bodega B6 Proyecto 000000003049 -> PROY STOCK ESW 2024                                                                                                                                                                                   ;ES 6004     ;2-C.I. ENERGIA SOLAR S.A.;151261-7;T6;6063;5,1;Clear Anodized class 1;ANODIZADO;PRENSA 7-3;4;36,08;PENDIENTE;;1,768627451;9,02
RETAIL;P5 2025 O ;OC 868714-E_RTSM6 X - Bodega B6 Proyecto 000000003049 -> PROY STOCK ESW 2024                                                                                                                                                                                   ;ES 6006     ;2-C.I. ENERGIA SOLAR S.A.;151261-21;T6;6063;5,1;Clear Anodized class 1;ANODIZADO;PRENSA 7-5;4;35,92;PENDIENTE;;1,760784314;8,98
RETAIL;P5 2025 O ;OC 868714-E_RTSM6 X - Bodega B6 Proyecto 000000003049 -> PROY STOCK ESW 2024                                                                                                                                                                                   ;ES 6007     ;2-C.I. ENERGIA SOLAR S.A.;151261-259;T6;6063;5,1;2604 Bone White;PINTURA;PRENSA 7-5;6;60,54;PENDIENTE;;1,978431373;10,09
GMP;P5 2025 O ;OC 868688-E-ENTOURAGE-3-3A-4-5 X - Bodega B6 Proyecto 000000003225 -> ENTOURAGE IN THE SUN-MIAMI                                                                                                                                                               ;ES 6011     ;2-C.I. ENERGIA SOLAR S.A.;151198-2;T6;6063;6,2;2604 Bone White;PINTURA;PRENSA 4;58;31,32;LIBERADO;;0,087096774;0,54
RETAIL;P5 2025 O ;OC 868710-E-PD-CV-P5 X - Bodega B6 Proyecto 000000003049 -> PROY STOCK ESW2024                                                                                                                                                                                 ;ES 6011     ;2-C.I. ENERGIA SOLAR S.A.;151258-6;T6;6063;6,2;2604 Bermuda Bronze;PINTURA;PRENSA 4;280;151,2;PENDIENTE;;0,087096774;0,54
RETAIL;P5 2025 O ;OC 868714-E_RTSM6 X - Bodega B6 Proyecto 000000003049 -> PROY STOCK ESW 2024                                                                                                                                                                                   ;ES 6011     ;2-C.I. ENERGIA SOLAR S.A.;151261-10;T6;6063;6,2;Clear Anodized class 1;ANODIZADO;PRENSA 4;21;11,34;PENDIENTE;;0,087096774;0,54
RETAIL;P5 2025 O ;OC 868714-E_RTSM6 X - Bodega B6 Proyecto 000000003049 -> PROY STOCK ESW 2024                                                                                                                                                                                   ;ES 6011     ;2-C.I. ENERGIA SOLAR S.A.;151261-356;T6;6063;8,5;Duranar Bermuda Bronze;PINTURA;PRENSA 4;4;2,96;PENDIENTE;;0,087058824;0,74
RETAIL;P5 2025 O ;OC 868714-E_RTSM6 X - Bodega B6 Proyecto 000000003049 -> PROY STOCK ESW 2024                                                                                                                                                                                   ;ES 6011     ;2-C.I. ENERGIA SOLAR S.A.;151261-50;T6;6063;5,7;Clear Anodized class 1;ANODIZADO;PRENSA 4;5;2,5;PENDIENTE;;0,087719298;0,5
RETAIL;P5 2025 O ;OC 868714-E_RTSM6 X - Bodega B6 Proyecto 000000003049 -> PROY STOCK ESW 2024                                                                                                                                                                                   ;ES 6011     ;2-C.I. ENERGIA SOLAR S.A.;151261-9;T6;6063;5,1;Clear Anodized class 1;ANODIZADO;PRENSA 4;4;1,76;PENDIENTE;;0,08627451;0,44
RETAIL;P5 2025 O ;OC 868714-E_RTSM6 X - Bodega B6 Proyecto 000000003049 -> PROY STOCK ESW 2024                                                                                                                                                                                   ;ES 6012     ;2-C.I. ENERGIA SOLAR S.A.;151261-37;T6;6063;4,7;Mill Finish Alodine;PINTURA;PRENSA 7-4;11;71,39;PENDIENTE;;1,380851064;6,49
GMP;P5 2025 O ;OC 868688-E-ENTOURAGE-3-3A-4-5 X - Bodega B6 Proyecto 000000003225 -> ENTOURAGE IN THE SUN-MIAMI                                                                                                                                                               ;ES 6028     ;2-C.I. ENERGIA SOLAR S.A.;151198-9;T6;6063;5,1;2604 Bone White;PINTURA;PRENSA 5;11;24,42;PENDIENTE;;0,435294118;2,22
RETAIL;P5 2025 O ;OC 868714-E_RTSM6 X - Bodega B6 Proyecto 000000003049 -> PROY STOCK ESW 2024                                                                                                                                                                                   ;ES 6028     ;2-C.I. ENERGIA SOLAR S.A.;151261-292;T6;6063;5,1;Clear Anodized class 1;ANODIZADO;PRENSA 5;5;11,1;PENDIENTE;;0,435294118;2,22
RETAIL;P5 2025 O ;OC 868714-E_RTSM6 X - Bodega B3 Proyecto 000000003049 -> PROY STOCK ESW 2024                                                                                                                                                                                   ;ES 8001     ;2-C.I. ENERGIA SOLAR S.A.;151250-3;T5;6005;5,1;Duranar Bone White;PINTURA;PRENSA 10;8;116,32;LIBERADO;;2,850980392;14,54
RETAIL;P5 2025 O ;OC 868714-E_RTSM6 X - Bodega B3 Proyecto 000000003049 -> PROY STOCK ESW 2024                                                                                                                                                                                   ;ES 8001     ;2-C.I. ENERGIA SOLAR S.A.;151250-32;T5;6005;6,2;2604 Bermuda Bronze;PINTURA;PRENSA 10;157;2774,19;LIBERADO;;2,85;17,67
RETAIL;P5 2025 O ;OC 868714-E_RTSM6 X - Bodega B3 Proyecto 000000003049 -> PROY STOCK ESW 2024                                                                                                                                                                                   ;ES 8001     ;2-C.I. ENERGIA SOLAR S.A.;151250-36;T5;6005;6,2;2604 Bone White;PINTURA;PRENSA 10;9;159,03;LIBERADO;;2,85;17,67
RETAIL;P5 2025 O ;OC 868714-E_RTSM6 X - Bodega B3 Proyecto 000000003049 -> PROY STOCK ESW 2024                                                                                                                                                                                   ;ES 8001     ;2-C.I. ENERGIA SOLAR S.A.;151250-4;T5;6005;6,2;Black Kynar;PINTURA;PRENSA 10;5;88,35;LIBERADO;;2,85;17,67
RETAIL;P5 2025 O ;OC 868714-E_RTSM6 X - Bodega B3 Proyecto 000000003049 -> PROY STOCK ESW 2024                                                                                                                                                                                   ;ES 8001     ;2-C.I. ENERGIA SOLAR S.A.;151250-68;T5;6005;3,8;2604 Bermuda Bronze;PINTURA;PRENSA 10;19;205,77;LIBERADO;;2,85;10,83
RETAIL;P5 2025 O ;OC 868714-E_RTSM6 X - Bodega B3 Proyecto 000000003049 -> PROY STOCK ESW 2024                                                                                                                                                                                   ;ES 8001     ;2-C.I. ENERGIA SOLAR S.A.;151250-73;T5;6005;3,7;2604 Arcadia Silver;PINTURA;PRENSA 10;6;63,3;LIBERADO;;2,851351351;10,55
RETAIL;P5 2025 O ;OC 868714-E_RTSM6 X - Bodega B3 Proyecto 000000003049 -> PROY STOCK ESW 2024                                                                                                                                                                                   ;ES 8002     ;2-C.I. ENERGIA SOLAR S.A.;151250-44;T5;6005;6,2;2604 Bermuda Bronze;PINTURA;PRENSA 7-3;26;180,44;PENDIENTE;;1,119354839;6,94
RETAIL;P5 2025 O ;OC 868714-E_RTSM6 X - Bodega B3 Proyecto 000000003049 -> PROY STOCK ESW 2024                                                                                                                                                                                   ;ES 8002     ;2-C.I. ENERGIA SOLAR S.A.;151250-56;T5;6005;6,2;2604 Arcadia Silver;PINTURA;PRENSA 7-3;6;41,64;PENDIENTE;;1,119354839;6,94
RETAIL;P5 2025 O ;OC 868714-E_RTSM6 X - Bodega B3 Proyecto 000000003049 -> PROY STOCK ESW 2024                                                                                                                                                                                   ;ES 8003     ;2-C.I. ENERGIA SOLAR S.A.;151250-23;T5;6005;6,2;Mill Finish Alodine;PINTURA;PRENSA 9-2;465;2864,4;PENDIENTE;;0,993548387;6,16
RETAIL;P5 2025 O ;OC 868714-E_RTSM6 X - Bodega B3 Proyecto 000000003049 -> PROY STOCK ESW 2024                                                                                                                                                                                   ;ES 8003     ;2-C.I. ENERGIA SOLAR S.A.;151250-24;T5;6005;5,7;Mill Finish Alodine;PINTURA;PRENSA 9-2;11;62,26;PENDIENTE;;0,992982456;5,66
RETAIL;P5 2025 O ;OC 868714-E_RTSM6 X - Bodega B3 Proyecto 000000003049 -> PROY STOCK ESW 2024                                                                                                                                                                                   ;ES 8003     ;2-C.I. ENERGIA SOLAR S.A.;151250-25;T5;6005;4,5;Mill Finish Alodine;PINTURA;PRENSA 9-2;7;31,29;PENDIENTE;;0,993333333;4,47
RETAIL;P5 2025 O ;OC 868714-E_RTSM6 X - Bodega B3 Proyecto 000000003049 -> PROY STOCK ESW 2024                                                                                                                                                                                   ;ES 8003     ;2-C.I. ENERGIA SOLAR S.A.;151250-71;T5;6005;3,7;Mill Finish Alodine;PINTURA;PRENSA 9-2;13;47,71;PENDIENTE;;0,991891892;3,67
RETAIL;P5 2025 O ;(en blanco);ES 8003     ;2-C.I. ENERGIA SOLAR S.A.;151295-6;T5;6005;6,2;Mill Finish Alodine;PINTURA;PRENSA 9-2;43;264,88;PENDIENTE;;0,993548387;6,16
RETAIL;P5 2025 O ;OC 868714-E_RTSM6 X - Bodega B3 Proyecto 000000003049 -> PROY STOCK ESW 2024                                                                                                                                                                                   ;ES 8005     ;2-C.I. ENERGIA SOLAR S.A.;151250-30;T5;6005;6,2;2604 Bermuda Bronze;PINTURA;PRENSA 9-2;163;2445;LIBERADO;;2,419354839;15
RETAIL;P5 2025 O ;OC 868714-E_RTSM6 X - Bodega B3 Proyecto 000000003049 -> PROY STOCK ESW 2024                                                                                                                                                                                   ;ES 8005     ;2-C.I. ENERGIA SOLAR S.A.;151250-75;T5;6005;4,8;Duranar Bone White;PINTURA;PRENSA 9-2;4;46,48;LIBERADO;;2,420833333;11,62
RETAIL;P5 2025 O ;OC 868714-E_RTSM6 X - Bodega B3 Proyecto 000000003049 -> PROY STOCK ESW 2024                                                                                                                                                                                   ;ES 8005     ;2-C.I. ENERGIA SOLAR S.A.;151250-76;T5;6005;5,4;2604 Bermuda Bronze;PINTURA;PRENSA 9-2;9;117,63;LIBERADO;;2,42037037;13,07
RETAIL;P5 2025 O ;OC 868714-E_RTSM6 X - Bodega B3 Proyecto 000000003049 -> PROY STOCK ESW 2024                                                                                                                                                                                   ;ES 8005     ;2-C.I. ENERGIA SOLAR S.A.;151250-92;T5;6005;5,8;2604 Arcadia Silver;PINTURA;PRENSA 9-2;4;56,16;LIBERADO;;2,420689655;14,04
RETAIL;P5 2025 O ;OC 868714-E_RTSM6 X - Bodega B3 Proyecto 000000003049 -> PROY STOCK ESW 2024                                                                                                                                                                                   ;ES 8006     ;2-C.I. ENERGIA SOLAR S.A.;151250-1;T5;6063;6,2;Clear Anodized class 1;ANODIZADO;PRENSA 7-2;4;11,64;LIBERADO;;0,469354839;2,91
RETAIL;P5 2025 O ;OC 868714-E_RTSM6 X - Bodega B3 Proyecto 000000003049 -> PROY STOCK ESW 2024                                                                                                                                                                                   ;ES 8006     ;2-C.I. ENERGIA SOLAR S.A.;151250-16;T5;6063;5,1;Clear Anodized class 1;ANODIZADO;PRENSA 7-2;5;11,95;LIBERADO;;0,468627451;2,39
RETAIL;P5 2025 O ;OC 868714-E_RTSM6 X - Bodega B3 Proyecto 000000003049 -> PROY STOCK ESW 2024                                                                                                                                                                                   ;ES 8006     ;2-C.I. ENERGIA SOLAR S.A.;151250-2;T5;6063;6,2;Duranar Bone White;PINTURA;PRENSA 7-2;5;14,55;LIBERADO;;0,469354839;2,91
RETAIL;P5 2025 O ;OC 868714-E_RTSM6 X - Bodega B3 Proyecto 000000003049 -> PROY STOCK ESW 2024                                                                                                                                                                                   ;ES 8006     ;2-C.I. ENERGIA SOLAR S.A.;151250-29;T5;6063;6,2;2604 Bermuda Bronze;PINTURA;PRENSA 7-2;158;459,78;LIBERADO;;0,469354839;2,91
RETAIL;P5 2025 O ;OC 868714-E_RTSM6 X - Bodega B3 Proyecto 000000003049 -> PROY STOCK ESW 2024                                                                                                                                                                                   ;ES 8006     ;2-C.I. ENERGIA SOLAR S.A.;151250-43;T5;6063;5,1;2604 Bermuda Bronze;PINTURA;PRENSA 7-2;4;9,56;LIBERADO;;0,468627451;2,39
RETAIL;P5 2025 O ;OC 868714-E_RTSM6 X - Bodega B3 Proyecto 000000003049 -> PROY STOCK ESW 2024                                                                                                                                                                                   ;ES 8006     ;2-C.I. ENERGIA SOLAR S.A.;151250-46;T5;6063;6,2;2604 Arcadia Silver;PINTURA;PRENSA 7-2;13;37,83;LIBERADO;;0,469354839;2,91
RETAIL;P5 2025 O ;OC 868714-E_RTSM6 X - Bodega B3 Proyecto 000000003049 -> PROY STOCK ESW 2024                                                                                                                                                                                   ;ES 8006     ;2-C.I. ENERGIA SOLAR S.A.;151250-77;T5;6063;5,1;2604 Arcadia Silver;PINTURA;PRENSA 7-2;7;16,73;LIBERADO;;0,468627451;2,39
RETAIL;P5 2025 O ;OC 868714-E_RTSM6 X - Bodega B3 Proyecto 000000003049 -> PROY STOCK ESW 2024                                                                                                                                                                                   ;ES 8006     ;2-C.I. ENERGIA SOLAR S.A.;151250-93;T5;6063;3,7;2604 Bermuda Bronze;PINTURA;PRENSA 7-2;15;26,1;LIBERADO;;0,47027027;1,74
RETAIL;P5 2025 O ;(en blanco);ES 8006     ;2-C.I. ENERGIA SOLAR S.A.;151295-1;T5;6063;6,2;Duranar Bermuda Bronze;PINTURA;PRENSA 7-2;8;23,28;PENDIENTE;;0,469354839;2,91
RETAIL;P5 2025 O ;(en blanco);ES 8006     ;2-C.I. ENERGIA SOLAR S.A.;151295-4;T5;6063;5,1;Clear Anodized class 1;ANODIZADO;PRENSA 7-2;5;11,95;PENDIENTE;;0,468627451;2,39
RETAIL;P5 2025 O ;OC 868714-E_RTSM6 X - Bodega B3 Proyecto 000000003049 -> PROY STOCK ESW 2024                                                                                                                                                                                   ;ES 8007     ;2-C.I. ENERGIA SOLAR S.A.;151250-31;T5;6005;6,2;2604 Bermuda Bronze;PINTURA;PRENSA 7-3;39;447,72;LIBERADO;;1,851612903;11,48
RETAIL;P5 2025 O ;OC 868714-E_RTSM6 X - Bodega B3 Proyecto 000000003049 -> PROY STOCK ESW 2024                                                                                                                                                                                   ;ES 8007     ;2-C.I. ENERGIA SOLAR S.A.;151250-58;T5;6005;6,2;2604 Arcadia Silver;PINTURA;PRENSA 7-3;10;114,8;LIBERADO;;1,851612903;11,48
RETAIL;P5 2025 O ;OC 868716-E_RVSEM6 X - Bodega B2 Proyecto 000000003049 -> PROY STOCK ESW 2024                                                                                                                                                                                  ;ES-1003A    ;2-C.I. ENERGIA SOLAR S.A.;151255-15;T6;6063;5,6;Duranar Bermuda Bronze;PINTURA;PRENSA 7-4;11;64,68;PENDIENTE;;1,05;5,88
RETAIL;P5 2025 O ;OC 868716-E_RVSEM6 X - Bodega B2 Proyecto 000000003049 -> PROY STOCK ESW 2024                                                                                                                                                                                  ;ES-1003A    ;2-C.I. ENERGIA SOLAR S.A.;151255-5;T6;6063;6,2;Duranar Bermuda Bronze;PINTURA;PRENSA 7-4;16;104,16;PENDIENTE;;1,05;6,51
RETAIL;P5 2025 O ;(en blanco);ES-1003A    ;2-C.I. ENERGIA SOLAR S.A.;151251-39;T6;6063;6,2;2604 Bermuda Bronze;PINTURA;PRENSA 7-4;136;885,36;LIBERADO;;1,05;6,51
RETAIL;P5 2025 O ;(en blanco);ES-1003A    ;2-C.I. ENERGIA SOLAR S.A.;151251-70;T6;6063;6,2;2604 Bone White;PINTURA;PRENSA 7-4;148;963,48;LIBERADO;;1,05;6,51
RETAIL;P5 2025 O ;(en blanco);ES-1003B    ;2-C.I. ENERGIA SOLAR S.A.;151251-156;T6;6063;6,2;2604 Bermuda Bronze;PINTURA;PRENSA 7-4;4;26,92;LIBERADO;;1,085483871;6,73
RETAIL;P5 2025 O ;(en blanco);ES-1003B    ;2-C.I. ENERGIA SOLAR S.A.;151251-157;T6;6063;5,1;2604 Bermuda Bronze;PINTURA;PRENSA 7-4;8;44,24;LIBERADO;;1,084313725;5,53
RETAIL;P5 2025 O ;OC 868685-E ADDP5 X - Bodega B2 Proyecto 000000003049 -> PROY STOCK ESW2024                                                                                                                                                                                    ;ES-1017     ;2-C.I. ENERGIA SOLAR S.A.;151183-2;T5;6063;5,1;Duranar Sunstorm Silverstorm;PINTURA;PRENSA 4;10;8,8;LIBERADO;;0,17254902;0,88
RETAIL;P5 2025 O ;OC 868699-E-PD-S5-P5 X - Bodega B2 Proyecto 000000003049 -> PROY STOCK ESW 2024                                                                                                                                                                                ;ES-1017     ;2-C.I. ENERGIA SOLAR S.A.;151224-1;T5;6063;6,2;Polycron LG Bronze;PINTURA;PRENSA 4;5;5,35;LIBERADO;;0,172580645;1,07
RETAIL;P5 2025 O ;(en blanco);ES-1017     ;2-C.I. ENERGIA SOLAR S.A.;151251-162;T5;6063;7,6;2604 Bone White;PINTURA;PRENSA 4;4;5,24;LIBERADO;;0,172368421;1,31
RETAIL;P5 2025 O ;(en blanco);ES-1017     ;2-C.I. ENERGIA SOLAR S.A.;151251-38;T5;6063;6,2;2604 Bermuda Bronze;PINTURA;PRENSA 4;84;89,88;LIBERADO;;0,172580645;1,07
RETAIL;P5 2025 O ;(en blanco);ES-1017     ;2-C.I. ENERGIA SOLAR S.A.;151251-64;T5;6063;6,2;2604 Bone White;PINTURA;PRENSA 4;175;187,25;LIBERADO;;0,172580645;1,07
RETAIL;P5 2025 O ;(en blanco);ES-1017     ;2-C.I. ENERGIA SOLAR S.A.;151251-88;T5;6063;5,1;2604 Bermuda Bronze;PINTURA;PRENSA 4;44;38,72;LIBERADO;;0,17254902;0,88
RETAIL;P5 2025 O ;(en blanco);ES-1053A    ;2-C.I. ENERGIA SOLAR S.A.;151251-110;T6;6063;5,1;2604 Bermuda Bronze;PINTURA;PRENSA 7-5;12;76,56;PENDIENTE;;1,250980392;6,38
RETAIL;P5 2025 O ;(en blanco);ES-1053A    ;2-C.I. ENERGIA SOLAR S.A.;151251-71;T6;6063;6,2;2604 Bone White;PINTURA;PRENSA 7-5;13;100,88;PENDIENTE;;1,251612903;7,76
RETAIL;P5 2025 O ;(en blanco);ES-1103     ;2-C.I. ENERGIA SOLAR S.A.;151251-1;T5;6063;6,2;Duranar Bermuda Bronze;PINTURA;PRENSA 4;36;43,2;LIBERADO;;0,193548387;1,2
RETAIL;P5 2025 O ;(en blanco);ES-1103     ;2-C.I. ENERGIA SOLAR S.A.;151251-147;T5;6063;6;2604 Bone White;PINTURA;PRENSA 4;149;172,84;LIBERADO;;0,193333333;1,16
RETAIL;P5 2025 O ;(en blanco);ES-1103     ;2-C.I. ENERGIA SOLAR S.A.;151251-150;T5;6063;5,9;2604 Bone White;PINTURA;PRENSA 4;6;6,84;LIBERADO;;0,193220339;1,14
RETAIL;P5 2025 O ;(en blanco);ES-1103     ;2-C.I. ENERGIA SOLAR S.A.;151251-42;T5;6063;6,2;2604 Bermuda Bronze;PINTURA;PRENSA 4;155;186;LIBERADO;;0,193548387;1,2
RETAIL;P5 2025 O ;(en blanco);ES-1103     ;2-C.I. ENERGIA SOLAR S.A.;151251-63;T5;6063;6,2;2604 Bone White;PINTURA;PRENSA 4;672;806,4;LIBERADO;;0,193548387;1,2
RETAIL;P5 2025 O ;(en blanco);ES-1103     ;2-C.I. ENERGIA SOLAR S.A.;151251-92;T5;6063;5,1;2604 Bermuda Bronze;PINTURA;PRENSA 4;40;39,2;LIBERADO;;0,192156863;0,98
RETAIL;P5 2025 O ;(en blanco);ES-1103     ;2-C.I. ENERGIA SOLAR S.A.;151251-97;T5;6063;5,1;2604 Bone White;PINTURA;PRENSA 4;124;121,52;LIBERADO;;0,192156863;0,98
RETAIL;P5 2025 O ;OC 868716-E_RVSEM6 X - Bodega B2 Proyecto 000000003049 -> PROY STOCK ESW 2024                                                                                                                                                                                  ;ES-2004A    ;2-C.I. ENERGIA SOLAR S.A.;151255-10;T6;6063;6,2;Duranar Bermuda Bronze;PINTURA;PRENSA 7-2;21;157,71;PENDIENTE;;1,211290323;7,51
RETAIL;P5 2025 O ;OC 868710-E-PD-CV-P5 X - Bodega B6 Proyecto 000000003049 -> PROY STOCK ESW2024                                                                                                                                                                                 ;ES-3000-029 ;2-C.I. ENERGIA SOLAR S.A.;151258-7;T5;6063;6,2;2604 Bermuda Bronze;PINTURA;PRENSA 5;220;156,2;PENDIENTE;;0,114516129;0,71
RETAIL;P5 2025 O ;OC 868710-E-PD-CV-P5 X - Bodega B6 Proyecto 000000003049 -> PROY STOCK ESW2024                                                                                                                                                                                 ;ES-3000-029 ;2-C.I. ENERGIA SOLAR S.A.;151258-8;T5;6063;6,2;2604 Bone White;PINTURA;PRENSA 5;250;177,5;PENDIENTE;;0,114516129;0,71
RETAIL;P5 2025 O ;(en blanco);ES4060      ;2-C.I. ENERGIA SOLAR S.A.;151251-18;T6;6063;6,2;2604 Bone White;PINTURA;PRENSA 7-4;17;57,8;PENDIENTE;;0,548387097;3,4
RETAIL;P5 2025 O ;(en blanco);ES4060      ;2-C.I. ENERGIA SOLAR S.A.;151251-21;T6;6063;5,1;2604 Bone White;PINTURA;PRENSA 7-4;6;16,74;PENDIENTE;;0,547058824;2,79
RETAIL;P5 2025 O ;(en blanco);ES4060      ;2-C.I. ENERGIA SOLAR S.A.;151251-45;T6;6063;6,2;2604 Bermuda Bronze;PINTURA;PRENSA 7-4;27;91,8;PENDIENTE;;0,548387097;3,4
RETAIL;P5 2025 O ;(en blanco);ES4060      ;2-C.I. ENERGIA SOLAR S.A.;151251-98;T6;6063;5,1;2604 Bermuda Bronze;PINTURA;PRENSA 7-4;11;30,69;PENDIENTE;;0,547058824;2,79
RETAIL;P5 2025 O ;OC 868715-E_IIRTSEM6 X - Bodega B6 Proyecto 000000003049 -> PROY STOCK ESW2024                                                                                                                                                                                 ;ES-45T-001A ;2-C.I. ENERGIA SOLAR S.A.;151254-1;T6;6063;6,2;Duranar Bone White;PINTURA_ASSE;PRENSA 7-4;5;33,5;PENDIENTE;;1,080645161;6,7
RETAIL;P5 2025 O ;OC 868715-E_IIRTSEM6 X - Bodega B6 Proyecto 000000003049 -> PROY STOCK ESW2024                                                                                                                                                                                 ;ES-45T-002A ;2-C.I. ENERGIA SOLAR S.A.;151254-2;T6;6063;6,2;Duranar Bone White;PINTURA_ASSE;PRENSA 7-4;5;43,45;PENDIENTE;;1,401612903;8,69
CW;P5 2025 O ;OC 868689-E RAINEY X - Bodega B6 Proyecto 000000002746 -> RAINEY TOWER (80E RAINEY) -AUSTIN, TX CO-044 TERRACE DOOR L26 DOOR No.5                                                                                                                              ;ES-45T-005A ;2-C.I. ENERGIA SOLAR S.A.;151195-1;T6;6063;3,2;D. White Gray;PINTURA_ASSE;PRENSA 7-4;4;19,12;PENDIENTE;;1,49375;4,78
RETAIL;P5 2025 O ;OC 868713-EII-PD-PGD-P5 X - Bodega B6 Proyecto 000000003049 -> PROY STOCK ESW 2024                                                                                                                                                                             ;ES-45T-005A ;2-C.I. ENERGIA SOLAR S.A.;151265-7;T6;6063;6,2;Black Kynar;PINTURA_ASSE;PRENSA 7-4;11;101,86;PENDIENTE;;1,493548387;9,26
CW;P5 2025 O ;OC 868689-E RAINEY X - Bodega B6 Proyecto 000000002746 -> RAINEY TOWER (80E RAINEY) -AUSTIN, TX CO-044 TERRACE DOOR L26 DOOR No.5                                                                                                                              ;ES-45T-006A ;2-C.I. ENERGIA SOLAR S.A.;151195-2;T6;6063;3,2;Drcn 100 Gray White;PINTURA_ASSE;PRENSA 7-4;4;10,56;PENDIENTE;;0,825;2,64
RETAIL;P5 2025 O ;OC 868713-EII-PD-PGD-P5 X - Bodega B6 Proyecto 000000003049 -> PROY STOCK ESW 2024                                                                                                                                                                             ;ES-45T-006A ;2-C.I. ENERGIA SOLAR S.A.;151265-8;T6;6063;6,2;Black Kynar;PINTURA_ASSE;PRENSA 7-4;11;56,32;PENDIENTE;;0,825806452;5,12
RETAIL;P5 2025 O ;OC 868712-E-PD-PGD-P5 X - Bodega B6 Proyecto 000000003049 -> PROY STOCK ESW2024                                                                                                                                                                                ;ES-45T-038  ;2-C.I. ENERGIA SOLAR S.A.;151263-1;T5;6063;6,2;Black Kynar;PINTURA;PRENSA 7-1;28;151,2;PENDIENTE;;0,870967742;5,4
RETAIL;P5 2025 O ;OC 868714-E_RTSM6 X - Bodega B6 Proyecto 000000003049 -> PROY STOCK ESW 2024                                                                                                                                                                                   ;ES-45T-038  ;2-C.I. ENERGIA SOLAR S.A.;151261-311;T5;6063;5,1;Black Kynar;PINTURA;PRENSA 7-1;4;17,76;PENDIENTE;;0,870588235;4,44
RETAIL;P5 2025 O ;OC 868714-E_RTSM6 X - Bodega B3 Proyecto 000000003049 -> PROY STOCK ESW 2024                                                                                                                                                                                   ;ES5001      ;2-C.I. ENERGIA SOLAR S.A.;151250-26;T6;6063;6,2;2604 Bermuda Bronze;PINTURA;PRENSA 7-4;90;580,5;PENDIENTE;;1,040322581;6,45
RETAIL;P5 2025 O ;OC 868714-E_RTSM6 X - Bodega B3 Proyecto 000000003049 -> PROY STOCK ESW 2024                                                                                                                                                                                   ;ES5001      ;2-C.I. ENERGIA SOLAR S.A.;151250-34;T6;6063;6,2;2604 Bone White;PINTURA;PRENSA 7-4;71;457,95;PENDIENTE;;1,040322581;6,45
RETAIL;P5 2025 O ;OC 868714-E_RTSM6 X - Bodega B3 Proyecto 000000003049 -> PROY STOCK ESW 2024                                                                                                                                                                                   ;ES5001      ;2-C.I. ENERGIA SOLAR S.A.;151250-40;T6;6063;6,2;2604 Black;PINTURA;PRENSA 7-4;15;96,75;PENDIENTE;;1,040322581;6,45
RETAIL;P5 2025 O ;OC 868714-E_RTSM6 X - Bodega B3 Proyecto 000000003049 -> PROY STOCK ESW 2024                                                                                                                                                                                   ;ES5001      ;2-C.I. ENERGIA SOLAR S.A.;151250-54;T6;6063;5,1;2604 Bermuda Bronze;PINTURA;PRENSA 7-4;7;37,1;PENDIENTE;;1,039215686;5,3
RETAIL;P5 2025 O ;OC 868714-E_RTSM6 X - Bodega B3 Proyecto 000000003049 -> PROY STOCK ESW 2024                                                                                                                                                                                   ;ES5001      ;2-C.I. ENERGIA SOLAR S.A.;151250-55;T6;6063;5,1;2604 Bone White;PINTURA;PRENSA 7-4;5;26,5;PENDIENTE;;1,039215686;5,3
RETAIL;P5 2025 O ;OC 868714-E_RTSM6 X - Bodega B3 Proyecto 000000003049 -> PROY STOCK ESW 2024                                                                                                                                                                                   ;ES5002      ;2-C.I. ENERGIA SOLAR S.A.;151250-27;T6;6063;6,2;2604 Bermuda Bronze;PINTURA;PRENSA 7-5;90;547,2;LIBERADO;;0,980645161;6,08
RETAIL;P5 2025 O ;OC 868714-E_RTSM6 X - Bodega B3 Proyecto 000000003049 -> PROY STOCK ESW 2024                                                                                                                                                                                   ;ES5002      ;2-C.I. ENERGIA SOLAR S.A.;151250-35;T6;6063;6,2;2604 Bone White;PINTURA;PRENSA 7-5;63;383,04;LIBERADO;;0,980645161;6,08
RETAIL;P5 2025 O ;OC 868714-E_RTSM6 X - Bodega B3 Proyecto 000000003049 -> PROY STOCK ESW 2024                                                                                                                                                                                   ;ES5002      ;2-C.I. ENERGIA SOLAR S.A.;151250-39;T6;6063;6,2;2604 Black;PINTURA;PRENSA 7-5;12;72,96;LIBERADO;;0,980645161;6,08
RETAIL;P5 2025 O ;OC 868714-E_RTSM6 X - Bodega B3 Proyecto 000000003049 -> PROY STOCK ESW 2024                                                                                                                                                                                   ;ES5002      ;2-C.I. ENERGIA SOLAR S.A.;151250-41;T6;6063;5,1;2604 Black;PINTURA;PRENSA 7-5;4;20;LIBERADO;;0,980392157;5
RETAIL;P5 2025 O ;OC 868714-E_RTSM6 X - Bodega B3 Proyecto 000000003049 -> PROY STOCK ESW 2024                                                                                                                                                                                   ;ES5003      ;2-C.I. ENERGIA SOLAR S.A.;151250-13;T6;6063;6,2;Duranar Bermuda Bronze;PINTURA;PRENSA 7-2;5;50,55;PENDIENTE;;1,630645161;10,11
RETAIL;P5 2025 O ;OC 868714-E_RTSM6 X - Bodega B3 Proyecto 000000003049 -> PROY STOCK ESW 2024                                                                                                                                                                                   ;ES-5015     ;2-C.I. ENERGIA SOLAR S.A.;151250-14;T6;6063;6,2;Duranar Bermuda Bronze;PINTURA;PRENSA 7-5;26;260,78;LIBERADO;;1,617741935;10,03
RETAIL;P5 2025 O ;OC 868714-E_RTSM6 X - Bodega B3 Proyecto 000000003049 -> PROY STOCK ESW 2024                                                                                                                                                                                   ;ES-5015     ;2-C.I. ENERGIA SOLAR S.A.;151250-15;T6;6063;5,1;Duranar Bermuda Bronze;PINTURA;PRENSA 7-5;7;57,75;LIBERADO;;1,617647059;8,25
RETAIL;P5 2025 O ;OC 868714-E_RTSM6 X - Bodega B3 Proyecto 000000003049 -> PROY STOCK ESW 2024                                                                                                                                                                                   ;ES-5015     ;2-C.I. ENERGIA SOLAR S.A.;151250-28;T6;6063;6,2;2604 Bermuda Bronze;PINTURA;PRENSA 7-5;45;451,35;LIBERADO;;1,617741935;10,03
RETAIL;P5 2025 O ;OC 868714-E_RTSM6 X - Bodega B3 Proyecto 000000003049 -> PROY STOCK ESW 2024                                                                                                                                                                                   ;ES-5015     ;2-C.I. ENERGIA SOLAR S.A.;151250-50;T6;6063;6,2;2604 Black;PINTURA;PRENSA 7-5;26;260,78;LIBERADO;;1,617741935;10,03
RETAIL;P5 2025 O ;OC 868714-E_RTSM6 X - Bodega B3 Proyecto 000000003049 -> PROY STOCK ESW 2024                                                                                                                                                                                   ;ES-5017     ;2-C.I. ENERGIA SOLAR S.A.;151250-51;T6;6063;6,2;2604 Bermuda Bronze;PINTURA;PRENSA 5;44;172,04;LIBERADO;;0,630645161;3,91
RETAIL;P5 2025 O ;OC 868714-E_RTSM6 X - Bodega B3 Proyecto 000000003049 -> PROY STOCK ESW 2024                                                                                                                                                                                   ;ES-5019     ;2-C.I. ENERGIA SOLAR S.A.;151250-52;T5;6063;6,2;2604 Bermuda Bronze;PINTURA;PRENSA 5;24;27,6;PENDIENTE;;0,185483871;1,15
RETAIL;P5 2025 O ;OC 868714-E_RTSM6 X - Bodega B3 Proyecto 000000003049 -> PROY STOCK ESW 2024                                                                                                                                                                                   ;ES-5019     ;2-C.I. ENERGIA SOLAR S.A.;151250-59;T5;6063;5,1;2604 Bermuda Bronze;PINTURA;PRENSA 5;12;11,4;PENDIENTE;;0,18627451;0,95
RETAIL;P5 2025 O ;OC 868714-E_RTSM6 X - Bodega B3 Proyecto 000000003049 -> PROY STOCK ESW 2024                                                                                                                                                                                   ;ES-5024     ;2-C.I. ENERGIA SOLAR S.A.;151250-84;T6;6063;6,2;2604 Bermuda Bronze;PINTURA;PRENSA 7-3;9;8,91;LIBERADO;;0,159677419;0,99
GMP;P5 2025 O ;OC 868688-E-ENTOURAGE-3-3A-4-5 X - Bodega B6 Proyecto 000000003225 -> ENTOURAGE IN THE SUN-MIAMI                                                                                                                                                               ;ES-6000-040 ;2-C.I. ENERGIA SOLAR S.A.;151198-3;T6;6063;6,2;2604 Bone White;PINTURA;PRENSA 7-5;8;102;LIBERADO;;2,056451613;12,75
RETAIL;P5 2025 O ;OC 868714-E_RTSM6 X - Bodega B6 Proyecto 000000003049 -> PROY STOCK ESW 2024                                                                                                                                                                                   ;ES-6000-040 ;2-C.I. ENERGIA SOLAR S.A.;151261-127;T6;6063;6,2;2604 Bermuda Bronze;PINTURA;PRENSA 7-5;4;51;PENDIENTE;;2,056451613;12,75
GMP;P5 2025 O ;OC 868688-E-ENTOURAGE-3-3A-4-5 X - Bodega B6 Proyecto 000000003225 -> ENTOURAGE IN THE SUN-MIAMI                                                                                                                                                               ;ES-6000-041 ;2-C.I. ENERGIA SOLAR S.A.;151198-4;T6;6063;6,2;2604 Bone White;PINTURA;PRENSA 7-4;8;91,76;LIBERADO;;1,85;11,47
GMP;P5 2025 O ;OC 868688-E-ENTOURAGE-3-3A-4-5 X - Bodega B6 Proyecto 000000003225 -> ENTOURAGE IN THE SUN-MIAMI                                                                                                                                                               ;ES-6000-042 ;2-C.I. ENERGIA SOLAR S.A.;151198-10;T6;6063;3,1;2604 Bone White;PINTURA;PRENSA 9;22;137,5;LIBERADO;;2,016129032;6,25
GMP;P5 2025 O ;OC 868688-E-ENTOURAGE-3-3A-4-5 X - Bodega B6 Proyecto 000000003225 -> ENTOURAGE IN THE SUN-MIAMI                                                                                                                                                               ;ES-6000-042 ;2-C.I. ENERGIA SOLAR S.A.;151198-7;T6;6063;3;2604 Bone White;PINTURA;PRENSA 9;11;66,55;LIBERADO;;2,016666667;6,05
RETAIL;P5 2025 O ;OC 868714-E_RTSM6 X - Bodega B6 Proyecto 000000003049 -> PROY STOCK ESW 2024                                                                                                                                                                                   ;ES6023      ;2-C.I. ENERGIA SOLAR S.A.;151261-211;T5;6005;6,2;2604 Bone White;PINTURA;PRENSA 9;5;69,75;PENDIENTE;;2,25;13,95
GMP;P5 2025 O ;(en blanco);ES-7001B    ;2-C.I. ENERGIA SOLAR S.A.;151296-10;T5;6005;6,2;Duranar Sunstorm Silverstorm;PINTURA;PRENSA 9;45;1048,05;PENDIENTE;;3,756451613;23,29
GMP;P5 2025 O ;(en blanco);ES-7001B    ;2-C.I. ENERGIA SOLAR S.A.;151296-7;T5;6005;6,2;Duranar Arcadia Silver;PINTURA;PRENSA 9;71;1653,59;PENDIENTE;;3,756451613;23,29
GMP;P5 2025 O ;OC 868685-E ADDP5 X - Bodega B3 Proyecto 000000003004 -> ART HOUSE-MIAMI                                                                                                                                                                                       ;ES-7003A    ;2-C.I. ENERGIA SOLAR S.A.;151188-1;T5;6063;5,1;Duranar Pewter 4;PINTURA;PRENSA 4;5;13,9;LIBERADO;;0,545098039;2,78
GMP;P5 2025 O ;OC 868688-E-ENTOURAGE-3-3A-4-5 X - Bodega B3 Proyecto 000000003225 -> ENTOURAGE IN THE SUN-MIAMI                                                                                                                                                               ;ES-7003A    ;2-C.I. ENERGIA SOLAR S.A.;151197-8;T5;6063;6,2;2604 Bone White;PINTURA;PRENSA 4;8;27,04;LIBERADO;;0,54516129;3,38
RETAIL;P5 2025 O ;OC 868685-E ADDP5 X - Bodega B3 Proyecto 000000003049 -> PROY STOCK ESW 2024                                                                                                                                                                                   ;ES-7003A    ;2-C.I. ENERGIA SOLAR S.A.;151186-2;T5;6063;6,2;Duranar Sunstorm Silverstorm;PINTURA;PRENSA 4;5;16,9;LIBERADO;;0,54516129;3,38
RETAIL;P5 2025 O ;OC 868685-E ADDP5 X - Bodega B3 Proyecto 000000003049 -> PROY STOCK ESW 2024                                                                                                                                                                                   ;ES-7003A    ;2-C.I. ENERGIA SOLAR S.A.;151186-5;T5;6063;5,1;Duranar Sunstorm Silverstorm;PINTURA;PRENSA 4;5;13,9;LIBERADO;;0,545098039;2,78
GMP;P5 2025 O ;(en blanco);ES-7003A    ;2-C.I. ENERGIA SOLAR S.A.;151296-1;T5;6063;6,2;Duranar Sunstorm Silverstorm;PINTURA;PRENSA 4;14;47,32;PENDIENTE;;0,54516129;3,38
GMP;P5 2025 O ;(en blanco);ES-7003A    ;2-C.I. ENERGIA SOLAR S.A.;151296-11;T5;6063;5,1;Duranar Sunstorm Silverstorm;PINTURA;PRENSA 4;5;13,9;PENDIENTE;;0,545098039;2,78
GMP;P5 2025 O ;(en blanco);ES-7003A    ;2-C.I. ENERGIA SOLAR S.A.;151296-4;T5;6063;6,2;Duranar Arcadia Silver;PINTURA;PRENSA 4;24;81,12;PENDIENTE;;0,54516129;3,38
RETAIL;P5 2025 O ;(en blanco);ES-7003A    ;2-C.I. ENERGIA SOLAR S.A.;151295-10;T5;6063;5,1;Black Kynar;PINTURA;PRENSA 4;6;16,68;PENDIENTE;;0,545098039;2,78
RETAIL;P5 2025 O ;(en blanco);ES-7003A    ;2-C.I. ENERGIA SOLAR S.A.;151295-5;T5;6063;5,1;Duranar Sunstorm Silverstorm;PINTURA;PRENSA 4;5;13,9;PENDIENTE;;0,545098039;2,78
GMP;P5 2025 O ;OC 868688-E-ENTOURAGE-3-3A-4-5 X - Bodega B3 Proyecto 000000003225 -> ENTOURAGE IN THE SUN-MIAMI                                                                                                                                                               ;ES-7004     ;2-C.I. ENERGIA SOLAR S.A.;151197-1;T5;6005;6,2;Mill Finish;MILL;PRENSA 7-2;5;52,15;PENDIENTE;;1,682258065;10,43
GMP;P5 2025 O ;(en blanco);ES-7005     ;2-C.I. ENERGIA SOLAR S.A.;151296-13;T5;6005;5,6;Duranar Sunstorm Silverstorm;PINTURA;PRENSA 7-2;7;117,88;PENDIENTE;;3,007142857;16,84
GMP;P5 2025 O ;(en blanco);ES-7005     ;2-C.I. ENERGIA SOLAR S.A.;151296-8;T5;6005;6,2;Duranar Arcadia Silver;PINTURA;PRENSA 7-2;43;801,52;PENDIENTE;;3,006451613;18,64
GMP;P5 2025 O ;OC 868688-E-ENTOURAGE-3-3A-4-5 X - Bodega B3 Proyecto 000000003225 -> ENTOURAGE IN THE SUN-MIAMI                                                                                                                                                               ;ES-7006     ;2-C.I. ENERGIA SOLAR S.A.;151197-10;T6;6063;6,2;2604 Bone White;PINTURA;PRENSA 5;8;22,4;PENDIENTE;;0,451612903;2,8
RETAIL;P5 2025 O ;OC 868714-E_RTSM6 X - Bodega B3 Proyecto 000000003049 -> PROY STOCK ESW 2024                                                                                                                                                                                   ;ES-7006     ;2-C.I. ENERGIA SOLAR S.A.;151250-18;T6;6063;6,2;Black Kynar;PINTURA;PRENSA 5;8;22,4;PENDIENTE;;0,451612903;2,8
GMP;P5 2025 O ;(en blanco);ES-7006     ;2-C.I. ENERGIA SOLAR S.A.;151296-12;T6;6063;5,1;Duranar Sunstorm Silverstorm;PINTURA;PRENSA 5;9;20,7;PENDIENTE;;0,450980392;2,3
GMP;P5 2025 O ;(en blanco);ES-7006     ;2-C.I. ENERGIA SOLAR S.A.;151296-3;T6;6063;6,2;Duranar Sunstorm Silverstorm;PINTURA;PRENSA 5;31;86,8;PENDIENTE;;0,451612903;2,8
GMP;P5 2025 O ;(en blanco);ES-7006     ;2-C.I. ENERGIA SOLAR S.A.;151296-5;T6;6063;6,2;Duranar Arcadia Silver;PINTURA;PRENSA 5;23;64,4;PENDIENTE;;0,451612903;2,8
GMP;P5 2025 O ;(en blanco);ES-7008     ;2-C.I. ENERGIA SOLAR S.A.;151296-2;T5;6005;6,2;Duranar Arcadia Silver;PINTURA;PRENSA 9-2;7;104,72;PENDIENTE;;2,412903226;14,96
GMP;P5 2025 O ;(en blanco);ES-7010A    ;2-C.I. ENERGIA SOLAR S.A.;151296-6;T5;6005;6,2;Duranar Sunstorm Silverstorm;PINTURA;PRENSA 10;5;143,8;PENDIENTE;;4,638709677;28,76
RETAIL;P5 2025 O ;OC 868714-E_RTSM6 X - Bodega B3 Proyecto 000000003049 -> PROY STOCK ESW 2024                                                                                                                                                                                   ;ES-7021B    ;2-C.I. ENERGIA SOLAR S.A.;151250-81;T5;6005;5,1;Black Kynar;PINTURA;PRENSA 9;7;130,48;LIBERADO;;3,654901961;18,64
RETAIL;P5 2025 O ;OC 868714-E_RTSM6 X - Bodega B3 Proyecto 000000003049 -> PROY STOCK ESW 2024                                                                                                                                                                                   ;ES-7022     ;2-C.I. ENERGIA SOLAR S.A.;151250-82;T5;6005;5,1;Black Kynar;PINTURA;PRENSA 9;5;74,25;LIBERADO;;2,911764706;14,85
RETAIL;P5 2025 O ;OC 868714-E_RTSM6 X - Bodega B3 Proyecto 000000003049 -> PROY STOCK ESW 2024                                                                                                                                                                                   ;ES-7023     ;2-C.I. ENERGIA SOLAR S.A.;151250-19;T5;6005;6,2;Black Kynar;PINTURA;PRENSA 9-2;5;83,05;PENDIENTE;;2,679032258;16,61
RETAIL;P5 2025 O ;OC 868714-E_RTSM6 X - Bodega B3 Proyecto 000000003049 -> PROY STOCK ESW 2024                                                                                                                                                                                   ;ES-7023     ;2-C.I. ENERGIA SOLAR S.A.;151250-89;T5;6005;5,1;Black Kynar;PINTURA;PRENSA 9-2;4;54,64;PENDIENTE;;2,678431373;13,66
RETAIL;P5 2025 O ;OC 868714-E_RTSM6 X - Bodega B3 Proyecto 000000003049 -> PROY STOCK ESW 2024                                                                                                                                                                                   ;ES-7024     ;2-C.I. ENERGIA SOLAR S.A.;151250-20;T5;6005;6,2;Black Kynar;PINTURA;PRENSA 7-2;5;74,95;LIBERADO;;2,417741935;14,99
RETAIL;P5 2025 O ;OC 868714-E_RTSM6 X - Bodega B3 Proyecto 000000003049 -> PROY STOCK ESW 2024                                                                                                                                                                                   ;ES-7024     ;2-C.I. ENERGIA SOLAR S.A.;151250-90;T5;6005;5,1;Black Kynar;PINTURA;PRENSA 7-2;4;49,32;LIBERADO;;2,417647059;12,33
RETAIL;P5 2025 O ;OC 868714-E_RTSM6 X - Bodega B3 Proyecto 000000003049 -> PROY STOCK ESW 2024                                                                                                                                                                                   ;ES-7026A    ;2-C.I. ENERGIA SOLAR S.A.;151250-21;T5;6005;6,2;Black Kynar;PINTURA;PRENSA 9;7;201,81;PENDIENTE;;4,65;28,83
RETAIL;P5 2025 O ;OC 868714-E_RTSM6 X - Bodega B3 Proyecto 000000003049 -> PROY STOCK ESW 2024                                                                                                                                                                                   ;ES-7026A    ;2-C.I. ENERGIA SOLAR S.A.;151250-91;T5;6005;5,1;Black Kynar;PINTURA;PRENSA 9;5;118,55;PENDIENTE;;4,649019608;23,71
GMP;P5 2025 O ;(en blanco);ES-7032     ;2-C.I. ENERGIA SOLAR S.A.;151296-9;T5;6063;6,2;Duranar Arcadia Silver;PINTURA;PRENSA 7-3;7;10,5;PENDIENTE;;0,241935484;1,5
RETAIL;P5 2025 O ;OC 868714-E_RTSM6 X - Bodega B3 Proyecto 000000003049 -> PROY STOCK ESW 2024                                                                                                                                                                                   ;ES8000T-003T;2-C.I. ENERGIA SOLAR S.A.;151250-11;T6;6063;5,1;Mill Finish Alodine;PINTURA_P&D;PRENSA 7-4;15;81,3;LIBERADO;;1,062745098;5,42
RETAIL;P5 2025 O ;OC 868714-E_RTSM6 X - Bodega B3 Proyecto 000000003049 -> PROY STOCK ESW 2024                                                                                                                                                                                   ;ES8000T-003T;2-C.I. ENERGIA SOLAR S.A.;151250-64;T6;6063;5,1;2604 Bermuda Bronze;PINTURA_P&D;PRENSA 7-4;5;27,1;LIBERADO;;1,062745098;5,42
RETAIL;P5 2025 O ;OC 868714-E_RTSM6 X - Bodega B3 Proyecto 000000003049 -> PROY STOCK ESW 2024                                                                                                                                                                                   ;ES8000T-003T;2-C.I. ENERGIA SOLAR S.A.;151250-9;T6;6063;6,2;Mill Finish Alodine;PINTURA_P&D;PRENSA 7-4;164;1080,76;LIBERADO;;1,062903226;6,59
RETAIL;P5 2025 O ;(en blanco);ES8000T-003T;2-C.I. ENERGIA SOLAR S.A.;151295-2;T6;6063;6,2;Mill Finish Alodine;PINTURA_P&D;PRENSA 7-4;75;494,25;PENDIENTE;;1,062903226;6,59
RETAIL;P5 2025 O ;(en blanco);ES8000T-003T;2-C.I. ENERGIA SOLAR S.A.;151295-3;T6;6063;5,1;Mill Finish Alodine;PINTURA_P&D;PRENSA 7-4;28;151,76;PENDIENTE;;1,062745098;5,42
RETAIL;P5 2025 O ;OC 868714-E_RTSM6 X - Bodega B3 Proyecto 000000003049 -> PROY STOCK ESW 2024                                                                                                                                                                                   ;ES8000T-004T;2-C.I. ENERGIA SOLAR S.A.;151250-12;T6;6063;5,1;Duranar Bermuda Bronze;PINTURA_P&D;PRENSA 9-2;8;114,08;PENDIENTE;;2,796078431;14,26
RETAIL;P5 2025 O ;OC 868714-E_RTSM6 X - Bodega B3 Proyecto 000000003049 -> PROY STOCK ESW 2024                                                                                                                                                                                   ;ES-8000T-005;2-C.I. ENERGIA SOLAR S.A.;151250-42;T6;6063;6,2;2604 Bermuda Bronze;PINTURA;PRENSA 7-4;89;244,75;PENDIENTE;;0,443548387;2,75
RETAIL;P5 2025 O ;OC 868714-E_RTSM6 X - Bodega B3 Proyecto 000000003049 -> PROY STOCK ESW 2024                                                                                                                                                                                   ;ES-8000T-005;2-C.I. ENERGIA SOLAR S.A.;151250-45;T6;6063;6,2;2604 Black;PINTURA;PRENSA 7-4;13;35,75;PENDIENTE;;0,443548387;2,75
RETAIL;P5 2025 O ;OC 868714-E_RTSM6 X - Bodega B3 Proyecto 000000003049 -> PROY STOCK ESW 2024                                                                                                                                                                                   ;ES-8000T-005;2-C.I. ENERGIA SOLAR S.A.;151250-47;T6;6063;6,2;2604 Bone White;PINTURA;PRENSA 7-4;7;19,25;PENDIENTE;;0,443548387;2,75
RETAIL;P5 2025 O ;OC 868714-E_RTSM6 X - Bodega B3 Proyecto 000000003049 -> PROY STOCK ESW 2024                                                                                                                                                                                   ;ES-8000T-005;2-C.I. ENERGIA SOLAR S.A.;151250-5;T6;6063;6,2;Duranar Bone White;PINTURA;PRENSA 7-4;21;57,75;PENDIENTE;;0,443548387;2,75
RETAIL;P5 2025 O ;OC 868714-E_RTSM6 X - Bodega B3 Proyecto 000000003049 -> PROY STOCK ESW 2024                                                                                                                                                                                   ;ES-8000T-005;2-C.I. ENERGIA SOLAR S.A.;151250-8;T6;6063;6,2;Black Kynar;PINTURA_P&D;PRENSA 7-4;15;41,25;PENDIENTE;;0,443548387;2,75
RETAIL;P5 2025 O ;OC 868714-E_RTSM6 X - Bodega B3 Proyecto 000000003049 -> PROY STOCK ESW 2024                                                                                                                                                                                   ;ES-8000T-006;2-C.I. ENERGIA SOLAR S.A.;151250-66;T6;6063;5,1;Mill Finish Alodine;PINTURA;PRENSA 7-4;4;56,76;PENDIENTE;;2,782352941;14,19
RETAIL;P5 2025 O ;OC 868714-E_RTSM6 X - Bodega B3 Proyecto 000000003049 -> PROY STOCK ESW 2024                                                                                                                                                                                   ;ES8000T-009T;2-C.I. ENERGIA SOLAR S.A.;151250-62;T6;6063;5,1;2604 Bermuda Bronze;PINTURA_P&D;PRENSA 7-1;6;88,08;PENDIENTE;;2,878431373;14,68
RETAIL;P5 2025 O ;OC 868714-E_RTSM6 X - Bodega B3 Proyecto 000000003049 -> PROY STOCK ESW 2024                                                                                                                                                                                   ;ES8000T-009T;2-C.I. ENERGIA SOLAR S.A.;151250-63;T6;6063;6,2;2604 Bermuda Bronze;PINTURA_P&D;PRENSA 7-1;5;89,2;PENDIENTE;;2,877419355;17,84
RETAIL;P5 2025 O ;OC 868714-E_RTSM6 X - Bodega B3 Proyecto 000000003049 -> PROY STOCK ESW 2024                                                                                                                                                                                   ;ES8000T-010T;2-C.I. ENERGIA SOLAR S.A.;151250-61;T6;6063;5,1;2604 Bermuda Bronze;PINTURA_P&D;PRENSA 7-4;4;57,16;PENDIENTE;;2,801960784;14,29
RETAIL;P5 2025 O ;OC 868714-E_RTSM6 X - Bodega B3 Proyecto 000000003049 -> PROY STOCK ESW 2024                                                                                                                                                                                   ;ES-8000T-011;2-C.I. ENERGIA SOLAR S.A.;151250-70;T5;6005;6,2;Mill Finish Alodine;PINTURA;PRENSA 7-5;6;97,14;PENDIENTE;;2,611290323;16,19
RETAIL;P5 2025 O ;OC 868714-E_RTSM6 X - Bodega B3 Proyecto 000000003049 -> PROY STOCK ESW 2024                                                                                                                                                                                   ;ES-8000T-011;2-C.I. ENERGIA SOLAR S.A.;151250-86;T5;6005;6,2;2604 Bermuda Bronze;PINTURA;PRENSA 7-5;8;129,52;PENDIENTE;;2,611290323;16,19
RETAIL;P5 2025 O ;(en blanco);ES-8000T-011;2-C.I. ENERGIA SOLAR S.A.;151295-13;T5;6005;6,2;2604 Black;PINTURA;PRENSA 7-5;5;80,95;PENDIENTE;;2,611290323;16,19
RETAIL;P5 2025 O ;(en blanco);ES-8000T-011;2-C.I. ENERGIA SOLAR S.A.;151295-9;T5;6005;6,2;Mill Finish Alodine;PINTURA;PRENSA 7-5;5;80,95;PENDIENTE;;2,611290323;16,19
RETAIL;P5 2025 O ;OC 868714-E_RTSM6 X - Bodega B3 Proyecto 000000003049 -> PROY STOCK ESW 2024                                                                                                                                                                                   ;ES8012      ;2-C.I. ENERGIA SOLAR S.A.;151250-69;T5;6005;5,1;2604 Black;PINTURA;PRENSA 10;11;148,83;LIBERADO;;2,652941176;13,53
RETAIL;P5 2025 O ;OC 868714-E_RTSM6 X - Bodega B3 Proyecto 000000003049 -> PROY STOCK ESW 2024                                                                                                                                                                                   ;ES8014      ;2-C.I. ENERGIA SOLAR S.A.;151250-60;T6;6063;6,2;2604 Black;PINTURA;PRENSA 7-3;6;11,16;PENDIENTE;;0,3;1,86
RETAIL;P5 2025 O ;OC 868714-E_RTSM6 X - Bodega B6 Proyecto 000000003049 -> PROY STOCK ESW 2024                                                                                                                                                                                   ;ES-9000-030 ;2-C.I. ENERGIA SOLAR S.A.;151261-227;T6;6063;5,1;2604 Black;PINTURA;PRENSA 7-2;4;27,48;PENDIENTE;;1,347058824;6,87
RETAIL;P5 2025 O ;OC 868714-E_RTSM6 X - Bodega B6 Proyecto 000000003049 -> PROY STOCK ESW 2024                                                                                                                                                                                   ;ES-9000-031 ;2-C.I. ENERGIA SOLAR S.A.;151261-367;T6;6063;5,4;2604 Bermuda Bronze;PINTURA;PRENSA 10;4;100,28;PENDIENTE;;4,642592593;25,07
RETAIL;P5 2025 O ;OC 868714-E_RTSM6 X - Bodega B6 Proyecto 000000003049 -> PROY STOCK ESW 2024                                                                                                                                                                                   ;ES-9000-038 ;2-C.I. ENERGIA SOLAR S.A.;151261-358;T6;6063;5,1;Teka DS733+2601/01L;PINTURA PWR;PRENSA 9;4;43,8;PENDIENTE;;2,147058824;10,95
RETAIL;P5 2025 O ;OC 868714-E_RTSM6 X - Bodega B6 Proyecto 000000003049 -> PROY STOCK ESW 2024                                                                                                                                                                                   ;ES-9000-053 ;2-C.I. ENERGIA SOLAR S.A.;151261-59;T5;6063;6,2;Black Kynar;PINTURA;PRENSA 7-5;4;4,92;PENDIENTE;;0,198387097;1,23
RETAIL;P5 2025 O ;OC 868714-E_RTSM6 X - Bodega B6 Proyecto 000000003049 -> PROY STOCK ESW 2024                                                                                                                                                                                   ;ES-9000-054 ;2-C.I. ENERGIA SOLAR S.A.;151261-60;T5;6063;6,2;Black Kynar;PINTURA;PRENSA 7-4;4;3,76;PENDIENTE;;0,151612903;0,94
RETAIL;P5 2025 O ;OC 868714-E_RTSM6 X - Bodega B6 Proyecto 000000003049 -> PROY STOCK ESW 2024                                                                                                                                                                                   ;ES9001      ;2-C.I. ENERGIA SOLAR S.A.;151261-290;T5;6063;3,8;2604 Bermuda Bronze;PINTURA;PRENSA 7-1;5;50,4;PENDIENTE;;2,652631579;10,08
RETAIL;P5 2025 O ;OC 868714-E_RTSM6 X - Bodega B6 Proyecto 000000003049 -> PROY STOCK ESW 2024                                                                                                                                                                                   ;ES9002      ;2-C.I. ENERGIA SOLAR S.A.;151261-128;T5;6063;6,2;2604 Bermuda Bronze;PINTURA;PRENSA 10;5;113,5;PENDIENTE;;3,661290323;22,7
RETAIL;P5 2025 O ;OC 868714-E_RTSM6 X - Bodega B6 Proyecto 000000003049 -> PROY STOCK ESW 2024                                                                                                                                                                                   ;ES9002      ;2-C.I. ENERGIA SOLAR S.A.;151261-214;T5;6063;5,1;2604 Bone White;PINTURA;PRENSA 10;4;74,72;PENDIENTE;;3,662745098;18,68
RETAIL;P5 2025 O ;OC 868714-E_RTSM6 X - Bodega B6 Proyecto 000000003049 -> PROY STOCK ESW 2024                                                                                                                                                                                   ;ES9002      ;2-C.I. ENERGIA SOLAR S.A.;151261-346;T5;6063;3,8;Embero DS739+2301/02L;PINTURA PWR;PRENSA 10;4;55,68;PENDIENTE;;3,663157895;13,92
RETAIL;P5 2025 O ;OC 868714-E_RTSM6 X - Bodega B6 Proyecto 000000003049 -> PROY STOCK ESW 2024                                                                                                                                                                                   ;ES9002      ;2-C.I. ENERGIA SOLAR S.A.;151261-35;T5;6063;6,2;Embero DS739+2301/02L;PINTURA PWR;PRENSA 10;4;90,8;PENDIENTE;;3,661290323;22,7
RETAIL;P5 2025 O ;OC 868714-E_RTSM6 X - Bodega B6 Proyecto 000000003049 -> PROY STOCK ESW 2024                                                                                                                                                                                   ;ES9003      ;2-C.I. ENERGIA SOLAR S.A.;151261-183;T5;6063;3,1;2604 Black;PINTURA;PRENSA 7-3;5;39,5;PENDIENTE;;2,548387097;7,9
RETAIL;P5 2025 O ;OC 868714-E_RTSM6 X - Bodega B6 Proyecto 000000003049 -> PROY STOCK ESW 2024                                                                                                                                                                                   ;ES9003      ;2-C.I. ENERGIA SOLAR S.A.;151261-280;T5;6063;3;2604 Black;PINTURA;PRENSA 7-3;14;107,1;PENDIENTE;;2,55;7,65
RETAIL;P5 2025 O ;OC 868714-E_RTSM6 X - Bodega B6 Proyecto 000000003049 -> PROY STOCK ESW 2024                                                                                                                                                                                   ;ES9003      ;2-C.I. ENERGIA SOLAR S.A.;151261-282;T5;6063;3,2;2604 Arcadia Silver;PINTURA;PRENSA 7-3;4;32,64;PENDIENTE;;2,55;8,16
RETAIL;P5 2025 O ;OC 868714-E_RTSM6 X - Bodega B6 Proyecto 000000003049 -> PROY STOCK ESW 2024                                                                                                                                                                                   ;ES9003      ;2-C.I. ENERGIA SOLAR S.A.;151261-308;T5;6063;4,5;2604 Bermuda Bronze;PINTURA;PRENSA 7-3;4;45,88;PENDIENTE;;2,548888889;11,47
RETAIL;P5 2025 O ;OC 868714-E_RTSM6 X - Bodega B6 Proyecto 000000003049 -> PROY STOCK ESW 2024                                                                                                                                                                                   ;ES9003      ;2-C.I. ENERGIA SOLAR S.A.;151261-320;T5;6063;3,1;2604 Bermuda Bronze;PINTURA;PRENSA 7-3;52;410,8;PENDIENTE;;2,548387097;7,9
RETAIL;P5 2025 O ;OC 868714-E_RTSM6 X - Bodega B6 Proyecto 000000003049 -> PROY STOCK ESW 2024                                                                                                                                                                                   ;ES9003      ;2-C.I. ENERGIA SOLAR S.A.;151261-6;T5;6063;3,1;Duranar Bermuda Bronze;PINTURA;PRENSA 7-3;9;71,1;PENDIENTE;;2,548387097;7,9
RETAIL;P5 2025 O ;OC 868714-E_RTSM6 X - Bodega B6 Proyecto 000000003049 -> PROY STOCK ESW 2024                                                                                                                                                                                   ;ES9003      ;2-C.I. ENERGIA SOLAR S.A.;151261-74;T5;6063;3,1;Embero DS739+2301/02L;PINTURA PWR;PRENSA 7-3;19;150,1;PENDIENTE;;2,548387097;7,9
RETAIL;P5 2025 O ;OC 868714-E_RTSM6 X - Bodega B6 Proyecto 000000003049 -> PROY STOCK ESW 2024                                                                                                                                                                                   ;ES9003      ;2-C.I. ENERGIA SOLAR S.A.;151261-75;T5;6063;3,1;Teka DS733+2601/01L;PINTURA PWR;PRENSA 7-3;7;55,3;PENDIENTE;;2,548387097;7,9
RETAIL;P5 2025 O ;OC 868714-E_RTSM6 X - Bodega B6 Proyecto 000000003049 -> PROY STOCK ESW 2024                                                                                                                                                                                   ;ES9004      ;2-C.I. ENERGIA SOLAR S.A.;151261-129;T5;6063;6,2;2604 Bermuda Bronze;PINTURA;PRENSA 7-3;29;70,76;PENDIENTE;;0,393548387;2,44
RETAIL;P5 2025 O ;OC 868714-E_RTSM6 X - Bodega B6 Proyecto 000000003049 -> PROY STOCK ESW 2024                                                                                                                                                                                   ;ES9004      ;2-C.I. ENERGIA SOLAR S.A.;151261-175;T5;6063;6,2;2604 Bone White;PINTURA;PRENSA 7-3;6;14,64;PENDIENTE;;0,393548387;2,44
RETAIL;P5 2025 O ;OC 868714-E_RTSM6 X - Bodega B6 Proyecto 000000003049 -> PROY STOCK ESW 2024                                                                                                                                                                                   ;ES9004      ;2-C.I. ENERGIA SOLAR S.A.;151261-195;T5;6063;5,1;2604 Bone White;PINTURA;PRENSA 7-3;4;8,04;PENDIENTE;;0,394117647;2,01
RETAIL;P5 2025 O ;OC 868714-E_RTSM6 X - Bodega B6 Proyecto 000000003049 -> PROY STOCK ESW 2024                                                                                                                                                                                   ;ES9004      ;2-C.I. ENERGIA SOLAR S.A.;151261-196;T5;6063;5,1;2604 Bermuda Bronze;PINTURA;PRENSA 7-3;4;8,04;PENDIENTE;;0,394117647;2,01
RETAIL;P5 2025 O ;OC 868714-E_RTSM6 X - Bodega B6 Proyecto 000000003049 -> PROY STOCK ESW 2024                                                                                                                                                                                   ;ES9004      ;2-C.I. ENERGIA SOLAR S.A.;151261-22;T5;6063;5,1;Clear Anodized class 1;ANODIZADO;PRENSA 7-3;5;10,05;PENDIENTE;;0,394117647;2,01
RETAIL;P5 2025 O ;OC 868714-E_RTSM6 X - Bodega B6 Proyecto 000000003049 -> PROY STOCK ESW 2024                                                                                                                                                                                   ;ES9004      ;2-C.I. ENERGIA SOLAR S.A.;151261-228;T5;6063;5,1;2604 Black;PINTURA;PRENSA 7-3;7;14,07;PENDIENTE;;0,394117647;2,01
RETAIL;P5 2025 O ;OC 868714-E_RTSM6 X - Bodega B6 Proyecto 000000003049 -> PROY STOCK ESW 2024                                                                                                                                                                                   ;ES9004      ;2-C.I. ENERGIA SOLAR S.A.;151261-3;T5;6063;6,2;Clear Anodized class 1;ANODIZADO;PRENSA 7-3;4;9,76;PENDIENTE;;0,393548387;2,44
RETAIL;P5 2025 O ;OC 868711-E-PD-ACC-SP5 X - Bodega B6 Proyecto 000000003049 -> PROY STOCKESW 2024                                                                                                                                                                               ;ES9005      ;2-C.I. ENERGIA SOLAR S.A.;151260-5;T5;6063;6,2;Mill Finish;MILL;PRENSA 7-2;76;161,88;PENDIENTE;;0,343548387;2,13
RETAIL;P5 2025 O ;OC 868714-E_RTSM6 X - Bodega B6 Proyecto 000000003049 -> PROY STOCK ESW 2024                                                                                                                                                                                   ;ES9006      ;2-C.I. ENERGIA SOLAR S.A.;151261-77;T5;6063;3,1;Embero DS739+2301/02L;PINTURA PWR;PRENSA 7-2;5;45,9;PENDIENTE;;2,961290323;9,18
RETAIL;P5 2025 O ;OC 868714-E_RTSM6 X - Bodega B6 Proyecto 000000003049 -> PROY STOCK ESW 2024                                                                                                                                                                                   ;ES9007      ;2-C.I. ENERGIA SOLAR S.A.;151261-319;T5;6063;3,1;2604 Bermuda Bronze;PINTURA;PRENSA 7-2;4;37;PENDIENTE;;2,983870968;9,25
RETAIL;P5 2025 O ;OC 868714-E_RTSM6 X - Bodega B6 Proyecto 000000003049 -> PROY STOCK ESW 2024                                                                                                                                                                                   ;ES9007      ;2-C.I. ENERGIA SOLAR S.A.;151261-76;T5;6063;3,1;Embero DS739+2301/02L;PINTURA PWR;PRENSA 7-2;4;37;PENDIENTE;;2,983870968;9,25
RETAIL;P5 2025 O ;OC 868711-E-PD-ACC-SP5 X - Bodega B6 Proyecto 000000003049 -> PROY STOCKESW 2024                                                                                                                                                                               ;ES9008      ;2-C.I. ENERGIA SOLAR S.A.;151260-1;T5;6063;6,2;Mill Finish;MILL;PRENSA 7-1;37;397,38;PENDIENTE;;1,732258065;10,74
RETAIL;P5 2025 O ;OC 868711-E-PD-ACC-SP5 X - Bodega B6 Proyecto 000000003049 -> PROY STOCKESW 2024                                                                                                                                                                               ;ES9009      ;2-C.I. ENERGIA SOLAR S.A.;151260-2;T5;6063;6,2;Mill Finish;MILL;PRENSA 7-3;36;337,32;PENDIENTE;;1,511290323;9,37
RETAIL;P5 2025 O ;OC 868711-E-PD-ACC-SP5 X - Bodega B6 Proyecto 000000003049 -> PROY STOCKESW 2024                                                                                                                                                                               ;ES9011      ;2-C.I. ENERGIA SOLAR S.A.;151260-6;T5;6063;6,2;Mill Finish;MILL;PRENSA 9-2;31;1016,8;PENDIENTE;;5,290322581;32,8
RETAIL;P5 2025 O ;OC 868714-E_RTSM6 X - Bodega B6 Proyecto 000000003049 -> PROY STOCK ESW 2024                                                                                                                                                                                   ;ES9012      ;2-C.I. ENERGIA SOLAR S.A.;151261-159;T6;6063;6,2;2604 Arcadia Silver;PINTURA;PRENSA 7-5;4;77,32;PENDIENTE;;3,117741935;19,33
RETAIL;P5 2025 O ;OC 868714-E_RTSM6 X - Bodega B6 Proyecto 000000003049 -> PROY STOCK ESW 2024                                                                                                                                                                                   ;ES9013      ;2-C.I. ENERGIA SOLAR S.A.;151261-188;T6;6063;5,1;2604 Bermuda Bronze;PINTURA;PRENSA 9-2;11;245,08;PENDIENTE;;4,368627451;22,28
RETAIL;P5 2025 O ;OC 868714-E_RTSM6 X - Bodega B6 Proyecto 000000003049 -> PROY STOCK ESW 2024                                                                                                                                                                                   ;ES9013      ;2-C.I. ENERGIA SOLAR S.A.;151261-275;T6;6063;4,5;2604 Bone White;PINTURA;PRENSA 9-2;5;98,3;PENDIENTE;;4,368888889;19,66
RETAIL;P5 2025 O ;OC 868714-E_RTSM6 X - Bodega B6 Proyecto 000000003049 -> PROY STOCK ESW 2024                                                                                                                                                                                   ;ES9013      ;2-C.I. ENERGIA SOLAR S.A.;151261-4;T6;6063;6,2;Clear Anodized class 1;ANODIZADO;PRENSA 9-2;6;162,54;PENDIENTE;;4,369354839;27,09
RETAIL;P5 2025 O ;OC 868714-E_RTSM6 X - Bodega B6 Proyecto 000000003049 -> PROY STOCK ESW 2024                                                                                                                                                                                   ;ES9013      ;2-C.I. ENERGIA SOLAR S.A.;151261-5;T6;6063;6,2;Duranar Bone White;PINTURA;PRENSA 9-2;11;297,99;PENDIENTE;;4,369354839;27,09
RETAIL;P5 2025 O ;OC 868714-E_RTSM6 X - Bodega B6 Proyecto 000000003049 -> PROY STOCK ESW 2024                                                                                                                                                                                   ;ES9015      ;2-C.I. ENERGIA SOLAR S.A.;151261-369;T6;6063;3,7;Teka DS733+2601/01L;PINTURA PWR;PRENSA 7-2;4;15,92;PENDIENTE;;1,075675676;3,98
RETAIL;P5 2025 O ;OC 868711-E-PD-ACC-SP5 X - Bodega B6 Proyecto 000000003049 -> PROY STOCKESW 2024                                                                                                                                                                               ;ES9016      ;2-C.I. ENERGIA SOLAR S.A.;151260-3;T5;6063;6,2;Mill Finish;MILL;PRENSA 7-5;23;151,57;PENDIENTE;;1,062903226;6,59
RETAIL;P5 2025 O ;OC 868714-E_RTSM6 X - Bodega B6 Proyecto 000000003049 -> PROY STOCK ESW 2024                                                                                                                                                                                   ;ES9023      ;2-C.I. ENERGIA SOLAR S.A.;151261-215;T5;6063;6,2;2604 Black;PINTURA;PRENSA 7-2;4;11,84;PENDIENTE;;0,477419355;2,96
RETAIL;P5 2025 O ;OC 868714-E_RTSM6 X - Bodega B6 Proyecto 000000003049 -> PROY STOCK ESW 2024                                                                                                                                                                                   ;ES9023      ;2-C.I. ENERGIA SOLAR S.A.;151261-295;T5;6063;5,1;Teka DS733+2601/01L;PINTURA PWR;PRENSA 7-2;4;9,72;PENDIENTE;;0,476470588;2,43
RETAIL;P5 2025 O ;OC 868714-E_RTSM6 X - Bodega B6 Proyecto 000000003049 -> PROY STOCK ESW 2024                                                                                                                                                                                   ;ES9027      ;2-C.I. ENERGIA SOLAR S.A.;151261-340;T5;6063;3,8;Clear Anodized class 1;ANODIZADO;PRENSA 5;12;17,52;PENDIENTE;;0,384210526;1,46
RETAIL;P5 2025 O ;OC 868714-E_RTSM6 X - Bodega B6 Proyecto 000000003049 -> PROY STOCK ESW 2024                                                                                                                                                                                   ;ES9027      ;2-C.I. ENERGIA SOLAR S.A.;151261-8;T5;6063;6,2;Clear Anodized class 1;ANODIZADO;PRENSA 5;5;11,85;PENDIENTE;;0,382258065;2,37
RETAIL;P5 2025 O ;OC 868714-E_RTSM6 X - Bodega B6 Proyecto 000000003049 -> PROY STOCK ESW 2024                                                                                                                                                                                   ;ES9029      ;2-C.I. ENERGIA SOLAR S.A.;151261-312;T5;6063;6,2;Embero DS739+2301/02L;PINTURA PWR;PRENSA 7-3;10;19,3;PENDIENTE;;0,311290323;1,93
RETAIL;P5 2025 O ;OC 868714-E_RTSM6 X - Bodega B6 Proyecto 000000003049 -> PROY STOCK ESW 2024                                                                                                                                                                                   ;ES9051      ;2-C.I. ENERGIA SOLAR S.A.;151261-186;T5;6063;6,2;2604 Bone White;PINTURA;PRENSA 7-4;4;4,44;PENDIENTE;;0,179032258;1,11
RETAIL;P5 2025 O ;OC 868714-E_RTSM6 X - Bodega B6 Proyecto 000000003049 -> PROY STOCK ESW 2024                                                                                                                                                                                   ;ES9052      ;2-C.I. ENERGIA SOLAR S.A.;151261-179;T5;6063;6,2;2604 Bermuda Bronze;PINTURA;PRENSA 7-3;18;15,48;PENDIENTE;;0,138709677;0,86
RETAIL;P5 2025 O ;OC 868714-E_RTSM6 X - Bodega B3 Proyecto 000000003049 -> PROY STOCK ESW 2024                                                                                                                                                                                   ;ES9554      ;2-C.I. ENERGIA SOLAR S.A.;151250-79;T5;6063;5,1;Duranar Bone White;PINTURA;PRENSA 7-1;5;90,2;LIBERADO;;3,537254902;18,04
NACIONAL;P5 2025 O ;OC 868717-E_PROY_S7_P5 X - Bodega B3 Proyecto 000000002735 -> SIENA-BOGOTA                                                                                                                                                                                     ;ES-ALN-1123 ;2-C.I. ENERGIA SOLAR S.A.;151276-1;T6;6063;6,2;Clear Anodized class 1;ANODIZADO;PRENSA 5;11;28,16;PENDIENTE;;0,412903226;2,56
NACIONAL;P5 2025 O ;OC 868717-E_PROY_S7_P5 X - Bodega B3 Proyecto 000000003231 -> VIVE RIO- BARRANQUILLA                                                                                                                                                                           ;ES-ALN-1123 ;2-C.I. ENERGIA SOLAR S.A.;151282-2;T6;6063;6,2;Polycron LG Bronze;PINTURA;PRENSA 5;8;20,48;PENDIENTE;;0,412903226;2,56
NACIONAL;P5 2025 O ;OC 868717-E_PROY_S7_P5 X - Bodega B3 Proyecto 000000003237 -> BELLA LUNA-CARTEGENA                                                                                                                                                                             ;ES-ALN-449  ;2-C.I. ENERGIA SOLAR S.A.;151283-1;T6;6063;5,1;Polycron LG Bronze;PINTURA;PRENSA 9-2;5;34,85;PENDIENTE;;1,366666667;6,97
NACIONAL;P5 2025 O ;OC 868717-E_PROY_S7_P5 X - Bodega B3 Proyecto 000000003237 -> BELLA LUNA-CARTEGENA                                                                                                                                                                             ;ES-ALN-449  ;2-C.I. ENERGIA SOLAR S.A.;151283-15;T6;6063;6,2;Polycron LG Bronze;PINTURA;PRENSA 9-2;46;389,62;PENDIENTE;;1,366129032;8,47
RETAIL;P5 2025 O ;OC 868713-EII-PD-PGD-P5 X - Bodega B6 Proyecto 000000003049 -> PROY STOCK ESW 2024                                                                                                                                                                             ;ESBF5010T001;2-C.I. ENERGIA SOLAR S.A.;151265-1;T6;6063;6,2;Black Kynar;PINTURA_ASSE;PRENSA 7-3;10;220;PENDIENTE;;3,548387097;22
RETAIL;P5 2025 O ;OC 868713-EII-PD-PGD-P5 X - Bodega B6 Proyecto 000000003049 -> PROY STOCK ESW 2024                                                                                                                                                                             ;ESBF5010T002;2-C.I. ENERGIA SOLAR S.A.;151265-2;T6;6063;6,2;Black Kynar;PINTURA_ASSE;PRENSA 7-5;10;85,3;PENDIENTE;;1,375806452;8,53
RETAIL;P5 2025 O ;OC 868713-EII-PD-PGD-P5 X - Bodega B6 Proyecto 000000003049 -> PROY STOCK ESW 2024                                                                                                                                                                             ;ESBF5010T005;2-C.I. ENERGIA SOLAR S.A.;151265-4;T6;6063;6,2;Black Kynar;PINTURA_ASSE;PRENSA 7-4;10;107,4;PENDIENTE;;1,732258065;10,74
RETAIL;P5 2025 O ;OC 868713-EII-PD-PGD-P5 X - Bodega B6 Proyecto 000000003049 -> PROY STOCK ESW 2024                                                                                                                                                                             ;ESBF5010T006;2-C.I. ENERGIA SOLAR S.A.;151265-5;T6;6063;6,2;Black Kynar;PINTURA_ASSE;PRENSA 7-1;10;63;PENDIENTE;;1,016129032;6,3
RETAIL;P5 2025 O ;OC 868715-E_IIRTSEM6 X - Bodega B6 Proyecto 000000003049 -> PROY STOCK ESW2024                                                                                                                                                                                 ;ESBF5010T007;2-C.I. ENERGIA SOLAR S.A.;151254-4;T6;6063;6,2;Duranar Bone White;PINTURA_ASSE;PRENSA 7-3;4;50,2;PENDIENTE;;2,024193548;12,55
RETAIL;P5 2025 O ;OC 868715-E_IIRTSEM6 X - Bodega B6 Proyecto 000000003049 -> PROY STOCK ESW2024                                                                                                                                                                                 ;ESBF5010T008;2-C.I. ENERGIA SOLAR S.A.;151254-5;T6;6063;6,2;Duranar Bone White;PINTURA_ASSE;PRENSA 7-1;4;53,48;PENDIENTE;;2,156451613;13,37
RETAIL;P5 2025 O ;OC 868713-EII-PD-PGD-P5 X - Bodega B6 Proyecto 000000003049 -> PROY STOCK ESW 2024                                                                                                                                                                             ;ESBF5010T009;2-C.I. ENERGIA SOLAR S.A.;151265-10;T6;6063;6,2;Black Kynar;PINTURA_ASSE;PRENSA 7-3;10;134,5;PENDIENTE;;2,169354839;13,45
RETAIL;P5 2025 O ;OC 868715-E_IIRTSEM6 X - Bodega B6 Proyecto 000000003049 -> PROY STOCK ESW2024                                                                                                                                                                                 ;ESBF5010T009;2-C.I. ENERGIA SOLAR S.A.;151254-7;T6;6063;6,2;Black Kynar;PINTURA_ASSE;PRENSA 7-3;4;53,8;PENDIENTE;;2,169354839;13,45
RETAIL;P5 2025 O ;OC 868713-EII-PD-PGD-P5 X - Bodega B6 Proyecto 000000003049 -> PROY STOCK ESW 2024                                                                                                                                                                             ;ESBF5010T010;2-C.I. ENERGIA SOLAR S.A.;151265-11;T6;6063;6,2;Black Kynar;PINTURA_ASSE;PRENSA 7-2;10;130,3;PENDIENTE;;2,101612903;13,03
RETAIL;P5 2025 O ;OC 868715-E_IIRTSEM6 X - Bodega B6 Proyecto 000000003049 -> PROY STOCK ESW2024                                                                                                                                                                                 ;ESBF5010T010;2-C.I. ENERGIA SOLAR S.A.;151254-8;T6;6063;6,2;Black Kynar;PINTURA_ASSE;PRENSA 7-2;4;52,12;PENDIENTE;;2,101612903;13,03
GMP;P5 2025 O ;OC 868685-E ADDP5 X - Bodega B3 Proyecto 000000002998 -> UH MANOA GREYSTAR -Mililani, HI                                                                                                                                                                       ;ES-CF-001   ;2-C.I. ENERGIA SOLAR S.A.;151187-1;T5;6063;5,1;D.GREEN;PINTURA;PRENSA 7-1;11;50,71;LIBERADO;;0,903921569;4,61
RETAIL;P5 2025 O ;OC 868685-E ADDP5 X - Bodega B3 Proyecto 000000003049 -> PROY STOCK ESW 2024                                                                                                                                                                                   ;ES-CF-001   ;2-C.I. ENERGIA SOLAR S.A.;151186-11;T5;6063;5,1;2604 Silverstorm;PINTURA;PRENSA 7-1;5;23,05;LIBERADO;;0,903921569;4,61
RETAIL;P5 2025 O ;OC 868685-E ADDP5 X - Bodega B3 Proyecto 000000003049 -> PROY STOCK ESW 2024                                                                                                                                                                                   ;ES-CF-001   ;2-C.I. ENERGIA SOLAR S.A.;151186-12;T5;6063;5,1;2604 Arcadia Silver;PINTURA;PRENSA 7-1;5;23,05;LIBERADO;;0,903921569;4,61
CW;P5 2025 O ;OC 868683-E 100 BUILDING A X - Bodega B3 Proyecto 000000003062 -> PROY MENORES Y REPO CW 2024 100 VA Stool trim lvl 12-14                                                                                                                                      ;ES-CF-001   ;2-C.I. ENERGIA SOLAR S.A.;151171-1;T5;6063;4,5;Duracron S600 Charcoal Gray;PINTURA;PRENSA 7-1;69;280,83;LIBERADO;;0,904444444;4,07
RETAIL;P5 2025 O ;OC 868714-E_RTSM6 X - Bodega B3 Proyecto 000000003049 -> PROY STOCK ESW 2024                                                                                                                                                                                   ;ES-CM-006   ;2-C.I. ENERGIA SOLAR S.A.;151250-38;T6;6063;6,2;2604 Bone White;PINTURA;PRENSA 7-5;5;78,6;LIBERADO;;2,535483871;15,72
RETAIL;P5 2025 O ;(en blanco);ES-CM-009   ;2-C.I. ENERGIA SOLAR S.A.;151251-149;T6;6063;6,2;2604 Bermuda Bronze;PINTURA;PRENSA 9-2;16;284,48;PENDIENTE;;2,867741935;17,78
GMP;P5 2025 O ;OC 868691-E-NOMI-OX-DEL1-2 X - Bodega B2 Proyecto 000000003215 -> NOMI 2 -MIAMI                                                                                                                                                                                ;ES-EL101A   ;2-C.I. ENERGIA SOLAR S.A.;151208-8;T6;6063;6,2;2604 Bermuda Bronze;PINTURA;PRENSA 7-4;48;193,44;PENDIENTE;;0,65;4,03
RETAIL;P5 2025 O ;(en blanco);ES-EL101A   ;2-C.I. ENERGIA SOLAR S.A.;151251-30;T6;6063;6,2;2604 Bermuda Bronze;PINTURA;PRENSA 7-4;24;96,72;PENDIENTE;;0,65;4,03
RETAIL;P5 2025 O ;(en blanco);ES-EL101A   ;2-C.I. ENERGIA SOLAR S.A.;151251-48;T6;6063;6,2;2604 Bone White;PINTURA;PRENSA 7-4;96;386,88;PENDIENTE;;0,65;4,03
RETAIL;P5 2025 O ;(en blanco);ES-EL103    ;2-C.I. ENERGIA SOLAR S.A.;151251-94;T6;6063;6,2;2604 Bermuda Bronze;PINTURA;PRENSA 7-5;4;24,44;PENDIENTE;;0,985483871;6,11
RETAIL;P5 2025 O ;(en blanco);ES-EL104    ;2-C.I. ENERGIA SOLAR S.A.;151251-128;T6;6063;5,7;2604 Bermuda Bronze;PINTURA;PRENSA 7-3;6;39,42;PENDIENTE;;1,152631579;6,57
RETAIL;P5 2025 O ;(en blanco);ES-EL104    ;2-C.I. ENERGIA SOLAR S.A.;151251-53;T6;6063;6,2;2604 Bone White;PINTURA;PRENSA 7-3;163;1165,45;PENDIENTE;;1,153225806;7,15
RETAIL;P5 2025 O ;(en blanco);ES-EL105    ;2-C.I. ENERGIA SOLAR S.A.;151251-122;T6;6063;5,1;2604 Black;PINTURA;PRENSA 7-5;4;14,72;LIBERADO;;0,721568627;3,68
RETAIL;P5 2025 O ;(en blanco);ES-EL105    ;2-C.I. ENERGIA SOLAR S.A.;151251-24;T6;6063;6,2;2604 Black;PINTURA;PRENSA 7-5;4;17,88;LIBERADO;;0,720967742;4,47
RETAIL;P5 2025 O ;(en blanco);ES-EL105    ;2-C.I. ENERGIA SOLAR S.A.;151251-27;T6;6063;6,2;2604 Bermuda Bronze;PINTURA;PRENSA 7-5;13;58,11;LIBERADO;;0,720967742;4,47
RETAIL;P5 2025 O ;(en blanco);ES-EL105    ;2-C.I. ENERGIA SOLAR S.A.;151251-51;T6;6063;6,2;2604 Bone White;PINTURA;PRENSA 7-5;77;344,19;LIBERADO;;0,720967742;4,47
GMP;P5 2025 O ;OC 868691-E-NOMI-OX-DEL1-2 X - Bodega B2 Proyecto 000000003215 -> NOMI 2 -MIAMI                                                                                                                                                                                ;ES-EL106    ;2-C.I. ENERGIA SOLAR S.A.;151208-11;T6;6063;6,2;2604 Bermuda Bronze;PINTURA;PRENSA 7-1;48;244,32;LIBERADO;;0,820967742;5,09
RETAIL;P5 2025 O ;(en blanco);ES-EL107A   ;2-C.I. ENERGIA SOLAR S.A.;151251-120;T6;6063;5,2;2604 Bone White;PINTURA;PRENSA 5;4;10,28;PENDIENTE;;0,494230769;2,57
RETAIL;P5 2025 O ;(en blanco);ES-EL107A   ;2-C.I. ENERGIA SOLAR S.A.;151251-50;T6;6063;6,2;2604 Bone White;PINTURA;PRENSA 5;42;128,94;PENDIENTE;;0,49516129;3,07
RETAIL;P5 2025 O ;(en blanco);ES-EL108C   ;2-C.I. ENERGIA SOLAR S.A.;151251-126;T6;6063;5,8;2604 Bermuda Bronze;PINTURA;PRENSA 4;11;54,78;LIBERADO;;0,85862069;4,98
RETAIL;P5 2025 O ;(en blanco);ES-EL108C   ;2-C.I. ENERGIA SOLAR S.A.;151251-152;T6;6063;5,7;2604 Bone White;PINTURA;PRENSA 4;18;88,2;LIBERADO;;0,859649123;4,9
RETAIL;P5 2025 O ;(en blanco);ES-EL108C   ;2-C.I. ENERGIA SOLAR S.A.;151251-28;T6;6063;6,2;2604 Bermuda Bronze;PINTURA;PRENSA 4;19;101,27;LIBERADO;;0,859677419;5,33
RETAIL;P5 2025 O ;(en blanco);ES-EL108C   ;2-C.I. ENERGIA SOLAR S.A.;151251-49;T6;6063;6,2;2604 Bone White;PINTURA;PRENSA 4;48;255,84;LIBERADO;;0,859677419;5,33
RETAIL;P5 2025 O ;(en blanco);ES-EL108C   ;2-C.I. ENERGIA SOLAR S.A.;151251-87;T6;6063;5,1;2604 Bermuda Bronze;PINTURA;PRENSA 4;13;56,94;LIBERADO;;0,858823529;4,38
GMP;P5 2025 O ;OC 868691-E-NOMI-OX-DEL1-2 X - Bodega B2 Proyecto 000000003215 -> NOMI 2 -MIAMI                                                                                                                                                                                ;ES-EL109    ;2-C.I. ENERGIA SOLAR S.A.;151208-6;T6;6063;6,2;2604 Bermuda Bronze;PINTURA;PRENSA 4;194;217,28;LIBERADO;;0,180645161;1,12
RETAIL;P5 2025 O ;(en blanco);ES-EL109    ;2-C.I. ENERGIA SOLAR S.A.;151251-113;T6;6063;5,6;2604 Bermuda Bronze;PINTURA;PRENSA 4;106;107,06;LIBERADO;;0,180357143;1,01
RETAIL;P5 2025 O ;(en blanco);ES-EL109    ;2-C.I. ENERGIA SOLAR S.A.;151251-123;T6;6063;5,7;2604 Bermuda Bronze;PINTURA;PRENSA 4;5;5,15;LIBERADO;;0,180701754;1,03
RETAIL;P5 2025 O ;(en blanco);ES-EL109    ;2-C.I. ENERGIA SOLAR S.A.;151251-25;T6;6063;6,2;2604 Black;PINTURA;PRENSA 4;51;57,12;LIBERADO;;0,180645161;1,12
RETAIL;P5 2025 O ;(en blanco);ES-EL109    ;2-C.I. ENERGIA SOLAR S.A.;151251-29;T6;6063;6,2;2604 Bermuda Bronze;PINTURA;PRENSA 4;199;222,88;LIBERADO;;0,180645161;1,12
RETAIL;P5 2025 O ;(en blanco);ES-EL109    ;2-C.I. ENERGIA SOLAR S.A.;151251-4;T6;6063;6,2;Clear Anodized class 1;ANODIZADO;PRENSA 4;12;13,44;LIBERADO;;0,180645161;1,12
RETAIL;P5 2025 O ;(en blanco);ES-EL109    ;2-C.I. ENERGIA SOLAR S.A.;151251-56;T6;6063;6,2;2604 Bone White;PINTURA;PRENSA 4;474;530,88;LIBERADO;;0,180645161;1,12
RETAIL;P5 2025 O ;OC 868715-E_IIRTSEM6 X - Bodega B6 Proyecto 000000003049 -> PROY STOCK ESW 2024                                                                                                                                                                                ;ES-EL110    ;2-C.I. ENERGIA SOLAR S.A.;151256-3;T6;6063;6,2;2604 Black;PINTURA;PRENSA 4;150;159;PENDIENTE;;0,170967742;1,06
RETAIL;P5 2025 O ;OC 868715-E_IIRTSEM6 X - Bodega B6 Proyecto 000000003049 -> PROY STOCK ESW 2024                                                                                                                                                                                ;ES-EL110    ;2-C.I. ENERGIA SOLAR S.A.;151256-4;T6;6063;6,2;2604 Bermuda Bronze;PINTURA;PRENSA 4;330;349,8;PENDIENTE;;0,170967742;1,06
RETAIL;P5 2025 O ;OC 868715-E_IIRTSEM6 X - Bodega B6 Proyecto 000000003049 -> PROY STOCK ESW 2024                                                                                                                                                                                ;ES-EL110    ;2-C.I. ENERGIA SOLAR S.A.;151256-7;T6;6063;6,2;2604 Bone White;PINTURA;PRENSA 4;350;371;PENDIENTE;;0,170967742;1,06
RETAIL;P5 2025 O ;(en blanco);ES-EL111    ;2-C.I. ENERGIA SOLAR S.A.;151251-115;T6;6063;5,1;2604 Bone White;PINTURA;PRENSA 4;4;2,44;LIBERADO;;0,119607843;0,61
RETAIL;P5 2025 O ;(en blanco);ES-EL111    ;2-C.I. ENERGIA SOLAR S.A.;151251-3;T6;6063;6,2;Polycron Blanco E.S.P.;PINTURA;PRENSA 4;4;2,96;LIBERADO;;0,119354839;0,74
RETAIL;P5 2025 O ;(en blanco);ES-EL111    ;2-C.I. ENERGIA SOLAR S.A.;151251-46;T6;6063;6,2;2604 Bone White;PINTURA;PRENSA 4;34;25,16;LIBERADO;;0,119354839;0,74
RETAIL;P5 2025 O ;(en blanco);ES-EL112    ;2-C.I. ENERGIA SOLAR S.A.;151251-104;T6;6063;5,1;2604 Black;PINTURA;PRENSA 5;5;15,25;LIBERADO;;0,598039216;3,05
RETAIL;P5 2025 O ;(en blanco);ES-EL112    ;2-C.I. ENERGIA SOLAR S.A.;151251-125;T6;6063;4,8;2604 Bermuda Bronze;PINTURA;PRENSA 5;34;97,58;LIBERADO;;0,597916667;2,87
RETAIL;P5 2025 O ;(en blanco);ES-EL112    ;2-C.I. ENERGIA SOLAR S.A.;151251-158;T6;6063;7,6;2604 Black;PINTURA;PRENSA 5;5;22,7;LIBERADO;;0,597368421;4,54
RETAIL;P5 2025 O ;(en blanco);ES-EL112    ;2-C.I. ENERGIA SOLAR S.A.;151251-59;T6;6063;6,2;2604 Bone White;PINTURA;PRENSA 5;33;122,43;LIBERADO;;0,598387097;3,71
GMP;P5 2025 O ;OC 868691-E-NOMI-OX-DEL1-2 X - Bodega B2 Proyecto 000000003215 -> NOMI 2 -MIAMI                                                                                                                                                                                ;ES-EL113A   ;2-C.I. ENERGIA SOLAR S.A.;151208-10;T6;6063;6,2;2604 Bermuda Bronze;PINTURA;PRENSA 5;48;46,08;LIBERADO;;0,15483871;0,96
RETAIL;P5 2025 O ;(en blanco);ES-EL113A   ;2-C.I. ENERGIA SOLAR S.A.;151251-32;T6;6063;6,2;2604 Bermuda Bronze;PINTURA;PRENSA 5;55;52,8;LIBERADO;;0,15483871;0,96
RETAIL;P5 2025 O ;(en blanco);ES-EL113A   ;2-C.I. ENERGIA SOLAR S.A.;151251-52;T6;6063;6,2;2604 Bone White;PINTURA;PRENSA 5;71;68,16;LIBERADO;;0,15483871;0,96
RETAIL;P5 2025 O ;(en blanco);ES-EL113A   ;2-C.I. ENERGIA SOLAR S.A.;151251-99;T6;6063;6,2;2604 Arcadia Silver;PINTURA;PRENSA 5;6;5,76;LIBERADO;;0,15483871;0,96
GMP;P5 2025 O ;OC 868691-E-NOMI-OX-DEL1-2 X - Bodega B2 Proyecto 000000003215 -> NOMI 2 -MIAMI                                                                                                                                                                                ;ES-EL114    ;2-C.I. ENERGIA SOLAR S.A.;151208-7;T6;6063;6,2;2604 Bermuda Bronze;PINTURA;PRENSA 5;48;24;LIBERADO;;0,080645161;0,5
RETAIL;P5 2025 O ;OC 868715-E_IIRTSEM6 X - Bodega B6 Proyecto 000000003049 -> PROY STOCK ESW 2024                                                                                                                                                                                ;ES-EL114    ;2-C.I. ENERGIA SOLAR S.A.;151256-6;T6;6063;6,2;2604 Bone White;PINTURA;PRENSA 5;310;155;PENDIENTE;;0,080645161;0,5
RETAIL;P5 2025 O ;(en blanco);ES-EL115    ;2-C.I. ENERGIA SOLAR S.A.;151251-8;T5;6063;6,2;Duranar Bone White;PINTURA;PRENSA 5;11;53,13;LIBERADO;;0,779032258;4,83
RETAIL;P5 2025 O ;(en blanco);ES-EL116    ;2-C.I. ENERGIA SOLAR S.A.;151251-37;T6;6063;6,2;2604 Bermuda Bronze;PINTURA;PRENSA 4;136;87,04;LIBERADO;;0,103225806;0,64
RETAIL;P5 2025 O ;(en blanco);ES-EL116    ;2-C.I. ENERGIA SOLAR S.A.;151251-60;T6;6063;6,2;2604 Bone White;PINTURA;PRENSA 4;15;9,6;LIBERADO;;0,103225806;0,64
RETAIL;P5 2025 O ;(en blanco);ES-EL116    ;2-C.I. ENERGIA SOLAR S.A.;151251-7;T6;6063;6,2;Duranar Bone White;PINTURA;PRENSA 4;21;13,44;LIBERADO;;0,103225806;0,64
RETAIL;P5 2025 O ;(en blanco);ES-EL123    ;2-C.I. ENERGIA SOLAR S.A.;151251-159;T6;6063;7,6;2604 Black;PINTURA;PRENSA 7-3;5;7,85;LIBERADO;;0,206578947;1,57
RETAIL;P5 2025 O ;(en blanco);ES-EL123    ;2-C.I. ENERGIA SOLAR S.A.;151251-22;T6;6063;6,2;2604 Bermuda Bronze;PINTURA;PRENSA 7-3;52;66,56;LIBERADO;;0,206451613;1,28
RETAIL;P5 2025 O ;(en blanco);ES-EL129    ;2-C.I. ENERGIA SOLAR S.A.;151251-15;T6;6063;6,2;Polycron Blanco E.S.P.;PINTURA;PRENSA 7-5;4;4,6;PENDIENTE;;0,185483871;1,15
RETAIL;P5 2025 O ;(en blanco);ES-EL151    ;2-C.I. ENERGIA SOLAR S.A.;151251-160;T6;6063;7,6;2604 Black;PINTURA;PRENSA 7-1;5;26,05;PENDIENTE;;0,685526316;5,21
RETAIL;P5 2025 O ;OC 868715-E_IIRTSEM6 X - Bodega B6 Proyecto 000000003049 -> PROY STOCK ESW 2024                                                                                                                                                                                ;ES-EL152    ;2-C.I. ENERGIA SOLAR S.A.;151256-5;T5;6063;6,2;2604 Bermuda Bronze;PINTURA;PRENSA 7-5;170;158,1;PENDIENTE;;0,15;0,93
RETAIL;P5 2025 O ;(en blanco);ES-EL152    ;2-C.I. ENERGIA SOLAR S.A.;151251-161;T5;6063;7,6;2604 Black;PINTURA;PRENSA 7-5;5;5,7;PENDIENTE;;0,15;1,14
RETAIL;P5 2025 O ;OC 868715-E_IIRTSEM6 X - Bodega B6 Proyecto 000000003049 -> PROY STOCK ESW 2024                                                                                                                                                                                ;ES-EL156    ;2-C.I. ENERGIA SOLAR S.A.;151256-10;T5;6063;6,2;2604 Bermuda Bronze;PINTURA;PRENSA 5;410;373,1;PENDIENTE;;0,146774194;0,91
RETAIL;P5 2025 O ;OC 868715-E_IIRTSEM6 X - Bodega B6 Proyecto 000000003049 -> PROY STOCK ESW 2024                                                                                                                                                                                ;ES-EL156    ;2-C.I. ENERGIA SOLAR S.A.;151256-11;T5;6063;6,2;2604 Bone White;PINTURA;PRENSA 5;400;364;PENDIENTE;;0,146774194;0,91
RETAIL;P5 2025 O ;OC 868715-E_IIRTSEM6 X - Bodega B6 Proyecto 000000003049 -> PROY STOCK ESW 2024                                                                                                                                                                                ;ES-EL156    ;2-C.I. ENERGIA SOLAR S.A.;151256-12;T5;6063;6,2;2604 Arcadia Silver;PINTURA;PRENSA 5;170;154,7;PENDIENTE;;0,146774194;0,91
RETAIL;P5 2025 O ;(en blanco);ES-EL156    ;2-C.I. ENERGIA SOLAR S.A.;151251-151;T5;6063;6,2;Nogal DS750+1807/01L;PINTURA PWR;PRENSA 5;4;3,64;LIBERADO;;0,146774194;0,91
GMP;P5 2025 O ;OC 868691-E-NOMI-OX-DEL1-2 X - Bodega B2 Proyecto 000000003215 -> NOMI 2 -MIAMI                                                                                                                                                                                ;ES-EL201A   ;2-C.I. ENERGIA SOLAR S.A.;151208-17;T6;6063;6,2;2604 Bermuda Bronze;PINTURA;PRENSA 7-3;48;458,88;LIBERADO;;1,541935484;9,56
RETAIL;P5 2025 O ;(en blanco);ES-EL201A   ;2-C.I. ENERGIA SOLAR S.A.;151251-131;T6;6063;6,2;2604 Bermuda Bronze;PINTURA;PRENSA 7-3;41;391,96;LIBERADO;;1,541935484;9,56
RETAIL;P5 2025 O ;(en blanco);ES-EL201A   ;2-C.I. ENERGIA SOLAR S.A.;151251-132;T6;6063;5,6;2604 Bone White;PINTURA;PRENSA 7-3;25;216;LIBERADO;;1,542857143;8,64
RETAIL;P5 2025 O ;(en blanco);ES-EL201A   ;2-C.I. ENERGIA SOLAR S.A.;151251-135;T6;6063;6,2;2604 Bone White;PINTURA;PRENSA 7-3;53;506,68;LIBERADO;;1,541935484;9,56
RETAIL;P5 2025 O ;(en blanco);ES-EL201A   ;2-C.I. ENERGIA SOLAR S.A.;151251-138;T6;6063;6,2;2604 Black;PINTURA;PRENSA 7-3;5;47,8;LIBERADO;;1,541935484;9,56
RETAIL;P5 2025 O ;(en blanco);ES-EL201A   ;2-C.I. ENERGIA SOLAR S.A.;151251-141;T6;6063;5,1;2604 Bermuda Bronze;PINTURA;PRENSA 7-3;14;110,04;LIBERADO;;1,541176471;7,86
RETAIL;P5 2025 O ;(en blanco);ES-EL201A   ;2-C.I. ENERGIA SOLAR S.A.;151251-155;T6;6063;5,9;2604 Bermuda Bronze;PINTURA;PRENSA 7-3;39;354,9;LIBERADO;;1,542372881;9,1
RETAIL;P5 2025 O ;(en blanco);ES-EL220    ;2-C.I. ENERGIA SOLAR S.A.;151251-5;T5;6005;6,2;Mill Finish;MILL;PRENSA 7-1;22;104,5;PENDIENTE;;0,766129032;4,75
RETAIL;P5 2025 O ;(en blanco);ES-EL221    ;2-C.I. ENERGIA SOLAR S.A.;151251-6;T5;6005;6,2;Mill Finish;MILL;PRENSA 7-1;27;105,03;PENDIENTE;;0,627419355;3,89
RETAIL;P5 2025 O ;OC 868714-E_RTSM6 X - Bodega B6 Proyecto 000000003049 -> PROY STOCK ESW 2024                                                                                                                                                                                   ;ESEL300-001A;2-C.I. ENERGIA SOLAR S.A.;151261-100;T6;6063;6,2;2604 Bermuda Bronze;PINTURA;PRENSA 7-1;110;1108,8;PENDIENTE;;1,625806452;10,08
RETAIL;P5 2025 O ;OC 868714-E_RTSM6 X - Bodega B6 Proyecto 000000003049 -> PROY STOCK ESW 2024                                                                                                                                                                                   ;ESEL300-001A;2-C.I. ENERGIA SOLAR S.A.;151261-154;T6;6063;6,2;2604 Black;PINTURA;PRENSA 7-1;17;171,36;PENDIENTE;;1,625806452;10,08
RETAIL;P5 2025 O ;OC 868714-E_RTSM6 X - Bodega B6 Proyecto 000000003049 -> PROY STOCK ESW 2024                                                                                                                                                                                   ;ESEL300-001A;2-C.I. ENERGIA SOLAR S.A.;151261-160;T6;6063;5,1;2604 Black;PINTURA;PRENSA 7-1;11;91,19;PENDIENTE;;1,625490196;8,29
RETAIL;P5 2025 O ;OC 868714-E_RTSM6 X - Bodega B6 Proyecto 000000003049 -> PROY STOCK ESW 2024                                                                                                                                                                                   ;ESEL300-001A;2-C.I. ENERGIA SOLAR S.A.;151261-169;T6;6063;5,1;2604 Bermuda Bronze;PINTURA;PRENSA 7-1;11;91,19;PENDIENTE;;1,625490196;8,29
RETAIL;P5 2025 O ;OC 868714-E_RTSM6 X - Bodega B6 Proyecto 000000003049 -> PROY STOCK ESW 2024                                                                                                                                                                                   ;ESEL300-001A;2-C.I. ENERGIA SOLAR S.A.;151261-176;T6;6063;5,1;2604 Bone White;PINTURA;PRENSA 7-1;13;107,77;PENDIENTE;;1,625490196;8,29
RETAIL;P5 2025 O ;OC 868714-E_RTSM6 X - Bodega B6 Proyecto 000000003049 -> PROY STOCK ESW 2024                                                                                                                                                                                   ;ESEL300-001A;2-C.I. ENERGIA SOLAR S.A.;151261-19;T6;6063;6,2;Duranar Bermuda Bronze;PINTURA;PRENSA 7-1;4;40,32;PENDIENTE;;1,625806452;10,08
RETAIL;P5 2025 O ;OC 868714-E_RTSM6 X - Bodega B6 Proyecto 000000003049 -> PROY STOCK ESW 2024                                                                                                                                                                                   ;ESEL300-001A;2-C.I. ENERGIA SOLAR S.A.;151261-26;T6;6063;6,2;Nogal DS750+1807/01L;PINTURA PWR;PRENSA 7-1;4;40,32;PENDIENTE;;1,625806452;10,08
RETAIL;P5 2025 O ;OC 868714-E_RTSM6 X - Bodega B6 Proyecto 000000003049 -> PROY STOCK ESW 2024                                                                                                                                                                                   ;ESEL300-001A;2-C.I. ENERGIA SOLAR S.A.;151261-28;T6;6063;6,2;Embero DS739+2301/02L;PINTURA PWR;PRENSA 7-1;5;50,4;PENDIENTE;;1,625806452;10,08
RETAIL;P5 2025 O ;OC 868714-E_RTSM6 X - Bodega B6 Proyecto 000000003049 -> PROY STOCK ESW 2024                                                                                                                                                                                   ;ESEL300-001A;2-C.I. ENERGIA SOLAR S.A.;151261-34;T6;6063;5,1;Duranar Bermuda Bronze;PINTURA;PRENSA 7-1;5;41,45;PENDIENTE;;1,625490196;8,29
RETAIL;P5 2025 O ;OC 868714-E_RTSM6 X - Bodega B6 Proyecto 000000003049 -> PROY STOCK ESW 2024                                                                                                                                                                                   ;ESEL300-001A;2-C.I. ENERGIA SOLAR S.A.;151261-90;T6;6063;6,2;2604 Bone White;PINTURA;PRENSA 7-1;129;1300,32;PENDIENTE;;1,625806452;10,08
RETAIL;P5 2025 O ;OC 868714-E_RTSM6 X - Bodega B6 Proyecto 000000003049 -> PROY STOCK ESW 2024                                                                                                                                                                                   ;ESEL300-002A;2-C.I. ENERGIA SOLAR S.A.;151261-281;T6;6063;3,7;Clear Anodized class 1;ANODIZADO;PRENSA 7-1;8;42,56;PENDIENTE;;1,437837838;5,32
RETAIL;P5 2025 O ;OC 868714-E_RTSM6 X - Bodega B6 Proyecto 000000003049 -> PROY STOCK ESW 2024                                                                                                                                                                                   ;ESEL300-002A;2-C.I. ENERGIA SOLAR S.A.;151261-283;T6;6063;3,7;2604 Bermuda Bronze;PINTURA;PRENSA 7-1;6;31,92;PENDIENTE;;1,437837838;5,32
RETAIL;P5 2025 O ;OC 868714-E_RTSM6 X - Bodega B6 Proyecto 000000003049 -> PROY STOCK ESW 2024                                                                                                                                                                                   ;ESEL300-002A;2-C.I. ENERGIA SOLAR S.A.;151261-39;T6;6063;6,2;Clear Anodized class 1;ANODIZADO;PRENSA 7-1;18;160,38;PENDIENTE;;1,437096774;8,91
RETAIL;P5 2025 O ;OC 868714-E_RTSM6 X - Bodega B6 Proyecto 000000003049 -> PROY STOCK ESW 2024                                                                                                                                                                                   ;ESEL300-002A;2-C.I. ENERGIA SOLAR S.A.;151261-92;T6;6063;6,2;2604 Bone White;PINTURA;PRENSA 7-1;18;160,38;PENDIENTE;;1,437096774;8,91
RETAIL;P5 2025 O ;OC 868714-E_RTSM6 X - Bodega B6 Proyecto 000000003049 -> PROY STOCK ESW 2024                                                                                                                                                                                   ;ESEL300-002A;2-C.I. ENERGIA SOLAR S.A.;151261-97;T6;6063;6,2;2604 Bermuda Bronze;PINTURA;PRENSA 7-1;11;98,01;PENDIENTE;;1,437096774;8,91
RETAIL;P5 2025 O ;OC 868714-E_RTSM6 X - Bodega B6 Proyecto 000000003049 -> PROY STOCK ESW 2024                                                                                                                                                                                   ;ES-EL300-004;2-C.I. ENERGIA SOLAR S.A.;151261-156;T6;6063;6,2;2604 Black;PINTURA;PRENSA 7-5;6;72,06;PENDIENTE;;1,937096774;12,01
RETAIL;P5 2025 O ;OC 868714-E_RTSM6 X - Bodega B6 Proyecto 000000003049 -> PROY STOCK ESW 2024                                                                                                                                                                                   ;ES-EL300-004;2-C.I. ENERGIA SOLAR S.A.;151261-162;T6;6063;5,1;2604 Black;PINTURA;PRENSA 7-5;7;69,16;PENDIENTE;;1,937254902;9,88
RETAIL;P5 2025 O ;OC 868714-E_RTSM6 X - Bodega B6 Proyecto 000000003049 -> PROY STOCK ESW 2024                                                                                                                                                                                   ;ES-EL300-004;2-C.I. ENERGIA SOLAR S.A.;151261-235;T6;6063;5,1;2604 Bermuda Bronze;PINTURA;PRENSA 7-5;16;158,08;PENDIENTE;;1,937254902;9,88
RETAIL;P5 2025 O ;OC 868714-E_RTSM6 X - Bodega B6 Proyecto 000000003049 -> PROY STOCK ESW 2024                                                                                                                                                                                   ;ES-EL300-004;2-C.I. ENERGIA SOLAR S.A.;151261-252;T6;6063;5,1;2604 Bone White;PINTURA;PRENSA 7-5;17;167,96;PENDIENTE;;1,937254902;9,88
RETAIL;P5 2025 O ;OC 868714-E_RTSM6 X - Bodega B6 Proyecto 000000003049 -> PROY STOCK ESW 2024                                                                                                                                                                                   ;ES-EL300-004;2-C.I. ENERGIA SOLAR S.A.;151261-270;T6;6063;4,9;2604 Silverstorm;PINTURA;PRENSA 7-5;4;37,96;PENDIENTE;;1,936734694;9,49
RETAIL;P5 2025 O ;OC 868714-E_RTSM6 X - Bodega B6 Proyecto 000000003049 -> PROY STOCK ESW 2024                                                                                                                                                                                   ;ES-EL300-004;2-C.I. ENERGIA SOLAR S.A.;151261-332;T6;6063;3,7;2604 Bermuda Bronze;PINTURA;PRENSA 7-5;7;50,19;PENDIENTE;;1,937837838;7,17
RETAIL;P5 2025 O ;OC 868714-E_RTSM6 X - Bodega B6 Proyecto 000000003049 -> PROY STOCK ESW 2024                                                                                                                                                                                   ;ES-EL300-004;2-C.I. ENERGIA SOLAR S.A.;151261-335;T6;6063;3,7;2604 Black;PINTURA;PRENSA 7-5;4;28,68;PENDIENTE;;1,937837838;7,17
RETAIL;P5 2025 O ;OC 868714-E_RTSM6 X - Bodega B6 Proyecto 000000003049 -> PROY STOCK ESW 2024                                                                                                                                                                                   ;ES-EL300-004;2-C.I. ENERGIA SOLAR S.A.;151261-341;T6;6063;3,7;Clear Anodized class 1;ANODIZADO;PRENSA 7-5;4;28,68;PENDIENTE;;1,937837838;7,17
RETAIL;P5 2025 O ;OC 868714-E_RTSM6 X - Bodega B6 Proyecto 000000003049 -> PROY STOCK ESW 2024                                                                                                                                                                                   ;ES-EL300-004;2-C.I. ENERGIA SOLAR S.A.;151261-88;T6;6063;6,2;2604 Bone White;PINTURA;PRENSA 7-5;17;204,17;PENDIENTE;;1,937096774;12,01
RETAIL;P5 2025 O ;OC 868714-E_RTSM6 X - Bodega B6 Proyecto 000000003049 -> PROY STOCK ESW 2024                                                                                                                                                                                   ;ES-EL300-004;2-C.I. ENERGIA SOLAR S.A.;151261-98;T6;6063;6,2;2604 Bermuda Bronze;PINTURA;PRENSA 7-5;23;276,23;PENDIENTE;;1,937096774;12,01
RETAIL;P5 2025 O ;OC 868714-E_RTSM6 X - Bodega B6 Proyecto 000000003049 -> PROY STOCK ESW 2024                                                                                                                                                                                   ;ES-EL300-011;2-C.I. ENERGIA SOLAR S.A.;151261-12;T5;6063;6,2;Mill Finish;MILL;PRENSA 7-5;46;70,38;PENDIENTE;;0,246774194;1,53
RETAIL;P5 2025 O ;OC 868714-E_RTSM6 X - Bodega B6 Proyecto 000000003049 -> PROY STOCK ESW 2024                                                                                                                                                                                   ;ES-EL300-011;2-C.I. ENERGIA SOLAR S.A.;151261-293;T5;6063;5,1;Mill Finish;MILL;PRENSA 7-5;10;12,5;PENDIENTE;;0,245098039;1,25
RETAIL;P5 2025 O ;OC 868714-E_RTSM6 X - Bodega B6 Proyecto 000000003049 -> PROY STOCK ESW 2024                                                                                                                                                                                   ;ES-EL300-011;2-C.I. ENERGIA SOLAR S.A.;151261-336;T5;6063;3,7;Mill Finish;MILL;PRENSA 7-5;5;4,55;PENDIENTE;;0,245945946;0,91
RETAIL;P5 2025 O ;OC 868714-E_RTSM6 X - Bodega B6 Proyecto 000000003049 -> PROY STOCK ESW 2024                                                                                                                                                                                   ;ES-EL300-012;2-C.I. ENERGIA SOLAR S.A.;151261-170;T5;6063;6,2;2604 Black;PINTURA;PRENSA 4;9;15,75;PENDIENTE;;0,282258065;1,75
RETAIL;P5 2025 O ;OC 868714-E_RTSM6 X - Bodega B6 Proyecto 000000003049 -> PROY STOCK ESW 2024                                                                                                                                                                                   ;ES-EL300-012;2-C.I. ENERGIA SOLAR S.A.;151261-229;T5;6063;5,1;2604 Bermuda Bronze;PINTURA;PRENSA 4;105;151,2;PENDIENTE;;0,282352941;1,44
RETAIL;P5 2025 O ;OC 868714-E_RTSM6 X - Bodega B6 Proyecto 000000003049 -> PROY STOCK ESW 2024                                                                                                                                                                                   ;ES-EL300-012;2-C.I. ENERGIA SOLAR S.A.;151261-277;T5;6063;5,1;2604 Bone White;PINTURA;PRENSA 4;93;133,92;PENDIENTE;;0,282352941;1,44
RETAIL;P5 2025 O ;OC 868714-E_RTSM6 X - Bodega B6 Proyecto 000000003049 -> PROY STOCK ESW 2024                                                                                                                                                                                   ;ES-EL300-012;2-C.I. ENERGIA SOLAR S.A.;151261-286;T5;6063;5,1;2604 Black;PINTURA;PRENSA 4;30;43,2;PENDIENTE;;0,282352941;1,44
RETAIL;P5 2025 O ;OC 868714-E_RTSM6 X - Bodega B6 Proyecto 000000003049 -> PROY STOCK ESW 2024                                                                                                                                                                                   ;ES-EL300-012;2-C.I. ENERGIA SOLAR S.A.;151261-31;T5;6063;5,1;Duranar Bermuda Bronze;PINTURA;PRENSA 4;10;14,4;PENDIENTE;;0,282352941;1,44
RETAIL;P5 2025 O ;OC 868714-E_RTSM6 X - Bodega B6 Proyecto 000000003049 -> PROY STOCK ESW 2024                                                                                                                                                                                   ;ES-EL300-012;2-C.I. ENERGIA SOLAR S.A.;151261-86;T5;6063;6,2;2604 Bone White;PINTURA;PRENSA 4;36;63;PENDIENTE;;0,282258065;1,75
RETAIL;P5 2025 O ;OC 868714-E_RTSM6 X - Bodega B6 Proyecto 000000003049 -> PROY STOCK ESW 2024                                                                                                                                                                                   ;ES-EL300-012;2-C.I. ENERGIA SOLAR S.A.;151261-95;T5;6063;6,2;2604 Bermuda Bronze;PINTURA;PRENSA 4;43;75,25;PENDIENTE;;0,282258065;1,75
RETAIL;P5 2025 O ;OC 868714-E_RTSM6 X - Bodega B6 Proyecto 000000003049 -> PROY STOCK ESW 2024                                                                                                                                                                                   ;ES-EL300-014;2-C.I. ENERGIA SOLAR S.A.;151261-16;T5;6063;6,2;Duranar Bermuda Bronze;PINTURA;PRENSA 7-2;14;21,14;PENDIENTE;;0,243548387;1,51
RETAIL;P5 2025 O ;OC 868714-E_RTSM6 X - Bodega B6 Proyecto 000000003049 -> PROY STOCK ESW 2024                                                                                                                                                                                   ;ES-EL300-014;2-C.I. ENERGIA SOLAR S.A.;151261-171;T5;6063;6,2;2604 Black;PINTURA;PRENSA 7-2;27;40,77;PENDIENTE;;0,243548387;1,51
RETAIL;P5 2025 O ;OC 868714-E_RTSM6 X - Bodega B6 Proyecto 000000003049 -> PROY STOCK ESW 2024                                                                                                                                                                                   ;ES-EL300-014;2-C.I. ENERGIA SOLAR S.A.;151261-230;T5;6063;5,1;2604 Bermuda Bronze;PINTURA;PRENSA 7-2;4;4,96;PENDIENTE;;0,243137255;1,24
RETAIL;P5 2025 O ;OC 868714-E_RTSM6 X - Bodega B6 Proyecto 000000003049 -> PROY STOCK ESW 2024                                                                                                                                                                                   ;ES-EL300-014;2-C.I. ENERGIA SOLAR S.A.;151261-279;T5;6063;5,1;Duranar Bermuda Bronze;PINTURA;PRENSA 7-2;7;8,68;PENDIENTE;;0,243137255;1,24
RETAIL;P5 2025 O ;OC 868714-E_RTSM6 X - Bodega B6 Proyecto 000000003049 -> PROY STOCK ESW 2024                                                                                                                                                                                   ;ES-EL300-014;2-C.I. ENERGIA SOLAR S.A.;151261-294;T5;6063;5,1;2604 Black;PINTURA;PRENSA 7-2;6;7,44;PENDIENTE;;0,243137255;1,24
RETAIL;P5 2025 O ;OC 868714-E_RTSM6 X - Bodega B6 Proyecto 000000003049 -> PROY STOCK ESW 2024                                                                                                                                                                                   ;ES-EL300-014;2-C.I. ENERGIA SOLAR S.A.;151261-342;T5;6063;3,7;Nogal DS750+1807/01L;PINTURA PWR;PRENSA 7-2;4;3,6;PENDIENTE;;0,243243243;0,9
RETAIL;P5 2025 O ;OC 868714-E_RTSM6 X - Bodega B6 Proyecto 000000003049 -> PROY STOCK ESW 2024                                                                                                                                                                                   ;ES-EL300-014;2-C.I. ENERGIA SOLAR S.A.;151261-344;T5;6063;5,1;Embero DS739+2301/02L;PINTURA PWR;PRENSA 7-2;4;4,96;PENDIENTE;;0,243137255;1,24
RETAIL;P5 2025 O ;OC 868714-E_RTSM6 X - Bodega B6 Proyecto 000000003049 -> PROY STOCK ESW 2024                                                                                                                                                                                   ;ES-EL300-014;2-C.I. ENERGIA SOLAR S.A.;151261-345;T5;6063;3,7;Embero DS739+2301/02L;PINTURA PWR;PRENSA 7-2;5;4,5;PENDIENTE;;0,243243243;0,9
RETAIL;P5 2025 O ;OC 868714-E_RTSM6 X - Bodega B6 Proyecto 000000003049 -> PROY STOCK ESW 2024                                                                                                                                                                                   ;ES-EL300-014;2-C.I. ENERGIA SOLAR S.A.;151261-357;T5;6063;3,7;Duranar Bermuda Bronze;PINTURA;PRENSA 7-2;4;3,6;PENDIENTE;;0,243243243;0,9
RETAIL;P5 2025 O ;OC 868714-E_RTSM6 X - Bodega B6 Proyecto 000000003049 -> PROY STOCK ESW 2024                                                                                                                                                                                   ;ES-EL300-014;2-C.I. ENERGIA SOLAR S.A.;151261-45;T5;6063;6,2;Nogal DS750+1807/01L;PINTURA PWR;PRENSA 7-2;6;9,06;PENDIENTE;;0,243548387;1,51
RETAIL;P5 2025 O ;OC 868714-E_RTSM6 X - Bodega B6 Proyecto 000000003049 -> PROY STOCK ESW 2024                                                                                                                                                                                   ;ES-EL300-014;2-C.I. ENERGIA SOLAR S.A.;151261-87;T5;6063;6,2;2604 Bone White;PINTURA;PRENSA 7-2;164;247,64;PENDIENTE;;0,243548387;1,51
RETAIL;P5 2025 O ;OC 868714-E_RTSM6 X - Bodega B6 Proyecto 000000003049 -> PROY STOCK ESW 2024                                                                                                                                                                                   ;ES-EL300-014;2-C.I. ENERGIA SOLAR S.A.;151261-99;T5;6063;6,2;2604 Bermuda Bronze;PINTURA;PRENSA 7-2;151;228,01;PENDIENTE;;0,243548387;1,51
RETAIL;P5 2025 O ;OC 868714-E_RTSM6 X - Bodega B6 Proyecto 000000003049 -> PROY STOCK ESW 2024                                                                                                                                                                                   ;ES-EL300-016;2-C.I. ENERGIA SOLAR S.A.;151261-13;T6;6063;6,2;Mill Finish Alodine;PINTURA;PRENSA 5;4;16,12;PENDIENTE;;0,65;4,03
RETAIL;P5 2025 O ;OC 868714-E_RTSM6 X - Bodega B6 Proyecto 000000003049 -> PROY STOCK ESW 2024                                                                                                                                                                                   ;ES-EL300-016;2-C.I. ENERGIA SOLAR S.A.;151261-269;T6;6063;5,1;Mill Finish Alodine;PINTURA;PRENSA 5;13;43,03;PENDIENTE;;0,649019608;3,31
RETAIL;P5 2025 O ;OC 868714-E_RTSM6 X - Bodega B6 Proyecto 000000003049 -> PROY STOCK ESW 2024                                                                                                                                                                                   ;ES-EL300-018;2-C.I. ENERGIA SOLAR S.A.;151261-102;T5;6063;6,2;2604 Bermuda Bronze;PINTURA;PRENSA 4;9;18,54;PENDIENTE;;0,332258065;2,06
RETAIL;P5 2025 O ;OC 868714-E_RTSM6 X - Bodega B6 Proyecto 000000003049 -> PROY STOCK ESW 2024                                                                                                                                                                                   ;ES-EL300-018;2-C.I. ENERGIA SOLAR S.A.;151261-337;T5;6063;3,7;2604 Bermuda Bronze;PINTURA;PRENSA 4;22;27,06;PENDIENTE;;0,332432432;1,23
RETAIL;P5 2025 O ;OC 868714-E_RTSM6 X - Bodega B6 Proyecto 000000003049 -> PROY STOCK ESW 2024                                                                                                                                                                                   ;ES-EL300-020;2-C.I. ENERGIA SOLAR S.A.;151261-101;T6;6063;6,2;2604 Bermuda Bronze;PINTURA;PRENSA 9-2;48;611,04;PENDIENTE;;2,053225806;12,73
RETAIL;P5 2025 O ;OC 868714-E_RTSM6 X - Bodega B6 Proyecto 000000003049 -> PROY STOCK ESW 2024                                                                                                                                                                                   ;ES-EL300-020;2-C.I. ENERGIA SOLAR S.A.;151261-155;T6;6063;6,2;2604 Black;PINTURA;PRENSA 9-2;4;50,92;PENDIENTE;;2,053225806;12,73
RETAIL;P5 2025 O ;OC 868714-E_RTSM6 X - Bodega B6 Proyecto 000000003049 -> PROY STOCK ESW 2024                                                                                                                                                                                   ;ES-EL300-020;2-C.I. ENERGIA SOLAR S.A.;151261-161;T6;6063;5,1;2604 Black;PINTURA;PRENSA 9-2;16;167,68;PENDIENTE;;2,054901961;10,48
RETAIL;P5 2025 O ;OC 868714-E_RTSM6 X - Bodega B6 Proyecto 000000003049 -> PROY STOCK ESW 2024                                                                                                                                                                                   ;ES-EL300-020;2-C.I. ENERGIA SOLAR S.A.;151261-197;T6;6063;5,1;2604 Bone White;PINTURA;PRENSA 9-2;61;639,28;PENDIENTE;;2,054901961;10,48
RETAIL;P5 2025 O ;OC 868714-E_RTSM6 X - Bodega B6 Proyecto 000000003049 -> PROY STOCK ESW 2024                                                                                                                                                                                   ;ES-EL300-020;2-C.I. ENERGIA SOLAR S.A.;151261-209;T6;6063;5,1;2604 Bermuda Bronze;PINTURA;PRENSA 9-2;54;565,92;PENDIENTE;;2,054901961;10,48
RETAIL;P5 2025 O ;OC 868714-E_RTSM6 X - Bodega B6 Proyecto 000000003049 -> PROY STOCK ESW 2024                                                                                                                                                                                   ;ES-EL300-020;2-C.I. ENERGIA SOLAR S.A.;151261-225;T6;6063;6,2;2604 Silverstorm;PINTURA;PRENSA 9-2;4;50,92;PENDIENTE;;2,053225806;12,73
RETAIL;P5 2025 O ;OC 868714-E_RTSM6 X - Bodega B6 Proyecto 000000003049 -> PROY STOCK ESW 2024                                                                                                                                                                                   ;ES-EL300-020;2-C.I. ENERGIA SOLAR S.A.;151261-272;T6;6063;5,1;Embero DS739+2301/02L;PINTURA PWR;PRENSA 9-2;4;41,92;PENDIENTE;;2,054901961;10,48
RETAIL;P5 2025 O ;OC 868714-E_RTSM6 X - Bodega B6 Proyecto 000000003049 -> PROY STOCK ESW 2024                                                                                                                                                                                   ;ES-EL300-020;2-C.I. ENERGIA SOLAR S.A.;151261-330;T6;6063;3,7;Nogal DS750+1807/01L;PINTURA;PRENSA 9-2;5;38;PENDIENTE;;2,054054054;7,6
RETAIL;P5 2025 O ;OC 868714-E_RTSM6 X - Bodega B6 Proyecto 000000003049 -> PROY STOCK ESW 2024                                                                                                                                                                                   ;ES-EL300-020;2-C.I. ENERGIA SOLAR S.A.;151261-331;T6;6063;3,7;Duranar Bermuda Bronze;PINTURA;PRENSA 9-2;4;30,4;PENDIENTE;;2,054054054;7,6
RETAIL;P5 2025 O ;OC 868714-E_RTSM6 X - Bodega B6 Proyecto 000000003049 -> PROY STOCK ESW 2024                                                                                                                                                                                   ;ES-EL300-020;2-C.I. ENERGIA SOLAR S.A.;151261-333;T6;6063;3,7;2604 Bermuda Bronze;PINTURA;PRENSA 9-2;5;38;PENDIENTE;;2,054054054;7,6
RETAIL;P5 2025 O ;OC 868714-E_RTSM6 X - Bodega B6 Proyecto 000000003049 -> PROY STOCK ESW 2024                                                                                                                                                                                   ;ES-EL300-020;2-C.I. ENERGIA SOLAR S.A.;151261-334;T6;6063;3,7;2604 Bone White;PINTURA;PRENSA 9-2;4;30,4;PENDIENTE;;2,054054054;7,6
RETAIL;P5 2025 O ;OC 868714-E_RTSM6 X - Bodega B6 Proyecto 000000003049 -> PROY STOCK ESW 2024                                                                                                                                                                                   ;ES-EL300-020;2-C.I. ENERGIA SOLAR S.A.;151261-355;T6;6063;3,7;Embero DS739+2301/02L;PINTURA PWR;PRENSA 9-2;4;30,4;PENDIENTE;;2,054054054;7,6
RETAIL;P5 2025 O ;OC 868714-E_RTSM6 X - Bodega B6 Proyecto 000000003049 -> PROY STOCK ESW 2024                                                                                                                                                                                   ;ES-EL300-020;2-C.I. ENERGIA SOLAR S.A.;151261-71;T6;6063;5,1;Duranar Bermuda Bronze;PINTURA;PRENSA 9-2;5;52,4;PENDIENTE;;2,054901961;10,48
RETAIL;P5 2025 O ;OC 868714-E_RTSM6 X - Bodega B6 Proyecto 000000003049 -> PROY STOCK ESW 2024                                                                                                                                                                                   ;ES-EL300-020;2-C.I. ENERGIA SOLAR S.A.;151261-89;T6;6063;6,2;2604 Bone White;PINTURA;PRENSA 9-2;35;445,55;PENDIENTE;;2,053225806;12,73
RETAIL;P5 2025 O ;OC 868714-E_RTSM6 X - Bodega B6 Proyecto 000000003049 -> PROY STOCK ESW 2024                                                                                                                                                                                   ;ES-EL300-021;2-C.I. ENERGIA SOLAR S.A.;151261-103;T6;6063;6,2;2604 Bermuda Bronze;PINTURA;PRENSA 7-5;14;191,94;PENDIENTE;;2,211290323;13,71
RETAIL;P5 2025 O ;OC 868714-E_RTSM6 X - Bodega B6 Proyecto 000000003049 -> PROY STOCK ESW 2024                                                                                                                                                                                   ;ES-EL300-021;2-C.I. ENERGIA SOLAR S.A.;151261-157;T6;6063;6,2;2604 Black;PINTURA;PRENSA 7-5;7;95,97;PENDIENTE;;2,211290323;13,71
RETAIL;P5 2025 O ;OC 868714-E_RTSM6 X - Bodega B6 Proyecto 000000003049 -> PROY STOCK ESW 2024                                                                                                                                                                                   ;ES-EL300-021;2-C.I. ENERGIA SOLAR S.A.;151261-163;T6;6063;5,1;2604 Black;PINTURA;PRENSA 7-5;11;124,08;PENDIENTE;;2,211764706;11,28
RETAIL;P5 2025 O ;OC 868714-E_RTSM6 X - Bodega B6 Proyecto 000000003049 -> PROY STOCK ESW 2024                                                                                                                                                                                   ;ES-EL300-021;2-C.I. ENERGIA SOLAR S.A.;151261-190;T6;6063;5,1;2604 Bone White;PINTURA;PRENSA 7-5;17;191,76;PENDIENTE;;2,211764706;11,28
RETAIL;P5 2025 O ;OC 868714-E_RTSM6 X - Bodega B6 Proyecto 000000003049 -> PROY STOCK ESW 2024                                                                                                                                                                                   ;ES-EL300-021;2-C.I. ENERGIA SOLAR S.A.;151261-199;T6;6063;5,1;2604 Bermuda Bronze;PINTURA;PRENSA 7-5;25;282;PENDIENTE;;2,211764706;11,28
RETAIL;P5 2025 O ;OC 868714-E_RTSM6 X - Bodega B6 Proyecto 000000003049 -> PROY STOCK ESW 2024                                                                                                                                                                                   ;ES-EL300-021;2-C.I. ENERGIA SOLAR S.A.;151261-224;T6;6063;6,2;2604 Silverstorm;PINTURA;PRENSA 7-5;4;54,84;PENDIENTE;;2,211290323;13,71
RETAIL;P5 2025 O ;OC 868714-E_RTSM6 X - Bodega B6 Proyecto 000000003049 -> PROY STOCK ESW 2024                                                                                                                                                                                   ;ES-EL300-021;2-C.I. ENERGIA SOLAR S.A.;151261-91;T6;6063;6,2;2604 Bone White;PINTURA;PRENSA 7-5;45;616,95;PENDIENTE;;2,211290323;13,71
RETAIL;P5 2025 O ;OC 868714-E_RTSM6 X - Bodega B6 Proyecto 000000003049 -> PROY STOCK ESW 2024                                                                                                                                                                                   ;ES-EL300-022;2-C.I. ENERGIA SOLAR S.A.;151261-132;T6;6063;6,2;2604 Bone White;PINTURA;PRENSA 9-2;12;164,52;PENDIENTE;;2,211290323;13,71
RETAIL;P5 2025 O ;OC 868714-E_RTSM6 X - Bodega B6 Proyecto 000000003049 -> PROY STOCK ESW 2024                                                                                                                                                                                   ;ES-EL300-022;2-C.I. ENERGIA SOLAR S.A.;151261-212;T6;6063;5,1;2604 Bone White;PINTURA;PRENSA 9-2;15;169,2;PENDIENTE;;2,211764706;11,28
RETAIL;P5 2025 O ;OC 868714-E_RTSM6 X - Bodega B6 Proyecto 000000003049 -> PROY STOCK ESW 2024                                                                                                                                                                                   ;ES-EL300-022;2-C.I. ENERGIA SOLAR S.A.;151261-236;T6;6063;5,1;2604 Bermuda Bronze;PINTURA;PRENSA 9-2;18;203,04;PENDIENTE;;2,211764706;11,28
RETAIL;P5 2025 O ;OC 868714-E_RTSM6 X - Bodega B6 Proyecto 000000003049 -> PROY STOCK ESW 2024                                                                                                                                                                                   ;ES-EL300-022;2-C.I. ENERGIA SOLAR S.A.;151261-266;T6;6063;6,2;2604 Silverstorm;PINTURA;PRENSA 9-2;4;54,84;PENDIENTE;;2,211290323;13,71
RETAIL;P5 2025 O ;OC 868714-E_RTSM6 X - Bodega B6 Proyecto 000000003049 -> PROY STOCK ESW 2024                                                                                                                                                                                   ;ES-EL300-022;2-C.I. ENERGIA SOLAR S.A.;151261-317;T6;6063;5;2604 Bermuda Bronze;PINTURA;PRENSA 9-2;4;44,2;PENDIENTE;;2,21;11,05
RETAIL;P5 2025 O ;OC 868714-E_RTSM6 X - Bodega B6 Proyecto 000000003049 -> PROY STOCK ESW 2024                                                                                                                                                                                   ;ES-EL300-022;2-C.I. ENERGIA SOLAR S.A.;151261-72;T6;6063;5,1;Duranar Bermuda Bronze;PINTURA;PRENSA 9-2;4;45,12;PENDIENTE;;2,211764706;11,28
RETAIL;P5 2025 O ;OC 868714-E_RTSM6 X - Bodega B6 Proyecto 000000003049 -> PROY STOCK ESW 2024                                                                                                                                                                                   ;ES-EL300-022;2-C.I. ENERGIA SOLAR S.A.;151261-96;T6;6063;6,2;2604 Bermuda Bronze;PINTURA;PRENSA 9-2;4;54,84;PENDIENTE;;2,211290323;13,71
RETAIL;P5 2025 O ;OC 868714-E_RTSM6 X - Bodega B6 Proyecto 000000003049 -> PROY STOCK ESW 2024                                                                                                                                                                                   ;ES-EL300-026;2-C.I. ENERGIA SOLAR S.A.;151261-133;T6;6063;6,2;2604 Bone White;PINTURA;PRENSA 7-5;5;67,3;PENDIENTE;;2,170967742;13,46
RETAIL;P5 2025 O ;OC 868714-E_RTSM6 X - Bodega B6 Proyecto 000000003049 -> PROY STOCK ESW 2024                                                                                                                                                                                   ;ES-EL300-026;2-C.I. ENERGIA SOLAR S.A.;151261-237;T6;6063;5,1;2604 Bermuda Bronze;PINTURA;PRENSA 7-5;5;55,35;PENDIENTE;;2,170588235;11,07
RETAIL;P5 2025 O ;OC 868710-E-PD-CV-P5 X - Bodega B6 Proyecto 000000003049 -> PROY STOCK ESW2024                                                                                                                                                                                 ;ES-EL300-029;2-C.I. ENERGIA SOLAR S.A.;151258-9;T6;6063;6,2;2604 Bone White;PINTURA;PRENSA 5;60;164,4;PENDIENTE;;0,441935484;2,74
RETAIL;P5 2025 O ;OC 868714-E_RTSM6 X - Bodega B6 Proyecto 000000003049 -> PROY STOCK ESW 2024                                                                                                                                                                                   ;ES-EL400-001;2-C.I. ENERGIA SOLAR S.A.;151261-107;T6;6063;6,2;2604 Bermuda Bronze;PINTURA;PRENSA 9;13;109,72;LIBERADO;;1,361290323;8,44
RETAIL;P5 2025 O ;OC 868714-E_RTSM6 X - Bodega B6 Proyecto 000000003049 -> PROY STOCK ESW 2024                                                                                                                                                                                   ;ES-EL400-001;2-C.I. ENERGIA SOLAR S.A.;151261-138;T6;6063;6,2;2604 Bone White;PINTURA;PRENSA 9;21;177,24;LIBERADO;;1,361290323;8,44
RETAIL;P5 2025 O ;OC 868714-E_RTSM6 X - Bodega B6 Proyecto 000000003049 -> PROY STOCK ESW 2024                                                                                                                                                                                   ;ES-EL400-001;2-C.I. ENERGIA SOLAR S.A.;151261-182;T6;6063;5,1;2604 Bone White;PINTURA;PRENSA 9;4;27,8;LIBERADO;;1,362745098;6,95
RETAIL;P5 2025 O ;OC 868714-E_RTSM6 X - Bodega B6 Proyecto 000000003049 -> PROY STOCK ESW 2024                                                                                                                                                                                   ;ES-EL400-001;2-C.I. ENERGIA SOLAR S.A.;151261-185;T6;6063;5,1;2604 Bermuda Bronze;PINTURA;PRENSA 9;9;62,55;LIBERADO;;1,362745098;6,95
RETAIL;P5 2025 O ;OC 868714-E_RTSM6 X - Bodega B6 Proyecto 000000003049 -> PROY STOCK ESW 2024                                                                                                                                                                                   ;ES-EL400-001;2-C.I. ENERGIA SOLAR S.A.;151261-203;T6;6063;5,1;2604 Black;PINTURA;PRENSA 9;8;55,6;LIBERADO;;1,362745098;6,95
RETAIL;P5 2025 O ;OC 868714-E_RTSM6 X - Bodega B6 Proyecto 000000003049 -> PROY STOCK ESW 2024                                                                                                                                                                                   ;ES-EL400-001;2-C.I. ENERGIA SOLAR S.A.;151261-300;T6;6063;4,4;2604 Bermuda Bronze;PINTURA;PRENSA 9;36;215,64;LIBERADO;;1,361363636;5,99
RETAIL;P5 2025 O ;OC 868714-E_RTSM6 X - Bodega B6 Proyecto 000000003049 -> PROY STOCK ESW 2024                                                                                                                                                                                   ;ES-EL400-001;2-C.I. ENERGIA SOLAR S.A.;151261-350;T6;6063;3,8;2604 Black;PINTURA;PRENSA 9;6;31,08;LIBERADO;;1,363157895;5,18
RETAIL;P5 2025 O ;OC 868714-E_RTSM6 X - Bodega B6 Proyecto 000000003049 -> PROY STOCK ESW 2024                                                                                                                                                                                   ;ES-EL400-001;2-C.I. ENERGIA SOLAR S.A.;151261-94;T6;6063;6,2;2604 Black;PINTURA;PRENSA 9;6;50,64;LIBERADO;;1,361290323;8,44
RETAIL;P5 2025 O ;OC 868714-E_RTSM6 X - Bodega B6 Proyecto 000000003049 -> PROY STOCK ESW 2024                                                                                                                                                                                   ;ES-EL400-002;2-C.I. ENERGIA SOLAR S.A.;151261-14;T6;6063;6,2;Clear Anodized class 1;ANODIZADO;PRENSA 7-2;36;259,92;PENDIENTE;;1,164516129;7,22
RETAIL;P5 2025 O ;OC 868714-E_RTSM6 X - Bodega B6 Proyecto 000000003049 -> PROY STOCK ESW 2024                                                                                                                                                                                   ;ES-EL400-002;2-C.I. ENERGIA SOLAR S.A.;151261-23;T6;6063;5,1;Clear Anodized class 1;ANODIZADO;PRENSA 7-2;45;267,3;PENDIENTE;;1,164705882;5,94
RETAIL;P5 2025 O ;OC 868714-E_RTSM6 X - Bodega B6 Proyecto 000000003049 -> PROY STOCK ESW 2024                                                                                                                                                                                   ;ES-EL400-002;2-C.I. ENERGIA SOLAR S.A.;151261-328;T6;6063;4,4;2604 Bermuda Bronze;PINTURA;PRENSA 7-2;8;41,04;PENDIENTE;;1,165909091;5,13
RETAIL;P5 2025 O ;OC 868714-E_RTSM6 X - Bodega B6 Proyecto 000000003049 -> PROY STOCK ESW 2024                                                                                                                                                                                   ;ES-EL400-002;2-C.I. ENERGIA SOLAR S.A.;151261-368;T6;6063;3,8;Black Kynar;PINTURA;PRENSA 7-2;4;17,72;PENDIENTE;;1,165789474;4,43
RETAIL;P5 2025 O ;OC 868714-E_RTSM6 X - Bodega B6 Proyecto 000000003049 -> PROY STOCK ESW 2024                                                                                                                                                                                   ;ES-EL400-002;2-C.I. ENERGIA SOLAR S.A.;151261-54;T6;6063;5,9;Clear Anodized class 1;ANODIZADO;PRENSA 7-2;15;103,05;PENDIENTE;;1,16440678;6,87
RETAIL;P5 2025 O ;OC 868714-E_RTSM6 X - Bodega B6 Proyecto 000000003049 -> PROY STOCK ESW 2024                                                                                                                                                                                   ;ES-EL400-002;2-C.I. ENERGIA SOLAR S.A.;151261-67;T6;6063;5,1;Black Kynar;PINTURA;PRENSA 7-2;4;23,76;PENDIENTE;;1,164705882;5,94
RETAIL;P5 2025 O ;OC 868714-E_RTSM6 X - Bodega B6 Proyecto 000000003049 -> PROY STOCK ESW 2024                                                                                                                                                                                   ;ES-EL400-003;2-C.I. ENERGIA SOLAR S.A.;151261-108;T6;6063;6,2;2604 Bermuda Bronze;PINTURA;PRENSA 9-2;51;379,44;PENDIENTE;;1,2;7,44
RETAIL;P5 2025 O ;OC 868714-E_RTSM6 X - Bodega B6 Proyecto 000000003049 -> PROY STOCK ESW 2024                                                                                                                                                                                   ;ES-EL400-003;2-C.I. ENERGIA SOLAR S.A.;151261-137;T6;6063;6,2;2604 Bone White;PINTURA;PRENSA 9-2;16;119,04;PENDIENTE;;1,2;7,44
RETAIL;P5 2025 O ;OC 868714-E_RTSM6 X - Bodega B6 Proyecto 000000003049 -> PROY STOCK ESW 2024                                                                                                                                                                                   ;ES-EL400-003;2-C.I. ENERGIA SOLAR S.A.;151261-165;T6;6063;5,1;2604 Bermuda Bronze;PINTURA;PRENSA 9-2;39;238,68;PENDIENTE;;1,2;6,12
RETAIL;P5 2025 O ;OC 868714-E_RTSM6 X - Bodega B6 Proyecto 000000003049 -> PROY STOCK ESW 2024                                                                                                                                                                                   ;ES-EL400-003;2-C.I. ENERGIA SOLAR S.A.;151261-243;T6;6063;5,6;2604 Bermuda Bronze;PINTURA;PRENSA 9-2;31;208,32;PENDIENTE;;1,2;6,72
RETAIL;P5 2025 O ;OC 868714-E_RTSM6 X - Bodega B6 Proyecto 000000003049 -> PROY STOCK ESW 2024                                                                                                                                                                                   ;ES-EL400-003;2-C.I. ENERGIA SOLAR S.A.;151261-291;T6;6063;5,5;2604 Black;PINTURA;PRENSA 9-2;7;46,2;PENDIENTE;;1,2;6,6
RETAIL;P5 2025 O ;OC 868714-E_RTSM6 X - Bodega B6 Proyecto 000000003049 -> PROY STOCK ESW 2024                                                                                                                                                                                   ;ES-EL400-003;2-C.I. ENERGIA SOLAR S.A.;151261-353;T6;6063;5,5;2604 Bone White;PINTURA;PRENSA 9-2;37;244,2;PENDIENTE;;1,2;6,6
RETAIL;P5 2025 O ;OC 868714-E_RTSM6 X - Bodega B6 Proyecto 000000003049 -> PROY STOCK ESW 2024                                                                                                                                                                                   ;ES-EL400-004;2-C.I. ENERGIA SOLAR S.A.;151261-105;T6;6063;6,2;2604 Bermuda Bronze;PINTURA;PRENSA 7-4;9;56,43;PENDIENTE;;1,011290323;6,27
RETAIL;P5 2025 O ;OC 868714-E_RTSM6 X - Bodega B6 Proyecto 000000003049 -> PROY STOCK ESW 2024                                                                                                                                                                                   ;ES-EL400-004;2-C.I. ENERGIA SOLAR S.A.;151261-238;T6;6063;5,1;2604 Bermuda Bronze;PINTURA;PRENSA 7-4;7;36,12;PENDIENTE;;1,011764706;5,16
RETAIL;P5 2025 O ;OC 868714-E_RTSM6 X - Bodega B6 Proyecto 000000003049 -> PROY STOCK ESW 2024                                                                                                                                                                                   ;ES-EL400-004;2-C.I. ENERGIA SOLAR S.A.;151261-348;T6;6063;3,8;2604 Bermuda Bronze;PINTURA;PRENSA 7-4;5;19,25;PENDIENTE;;1,013157895;3,85
RETAIL;P5 2025 O ;OC 868714-E_RTSM6 X - Bodega B6 Proyecto 000000003049 -> PROY STOCK ESW 2024                                                                                                                                                                                   ;ES-EL400-004;2-C.I. ENERGIA SOLAR S.A.;151261-82;T6;6063;6,2;2604 Bone White;PINTURA;PRENSA 7-4;7;43,89;PENDIENTE;;1,011290323;6,27
RETAIL;P5 2025 O ;OC 868714-E_RTSM6 X - Bodega B6 Proyecto 000000003049 -> PROY STOCK ESW 2024                                                                                                                                                                                   ;ES-EL400-005;2-C.I. ENERGIA SOLAR S.A.;151261-106;T6;6063;6,2;2604 Bermuda Bronze;PINTURA;PRENSA 7-4;8;56,08;PENDIENTE;;1,130645161;7,01
RETAIL;P5 2025 O ;OC 868714-E_RTSM6 X - Bodega B6 Proyecto 000000003049 -> PROY STOCK ESW 2024                                                                                                                                                                                   ;ES-EL400-005;2-C.I. ENERGIA SOLAR S.A.;151261-201;T6;6063;5,1;2604 Bermuda Bronze;PINTURA;PRENSA 7-4;15;86,55;PENDIENTE;;1,131372549;5,77
RETAIL;P5 2025 O ;OC 868714-E_RTSM6 X - Bodega B6 Proyecto 000000003049 -> PROY STOCK ESW 2024                                                                                                                                                                                   ;ES-EL400-005;2-C.I. ENERGIA SOLAR S.A.;151261-205;T6;6063;5,1;2604 Bone White;PINTURA;PRENSA 7-4;6;34,62;PENDIENTE;;1,131372549;5,77
RETAIL;P5 2025 O ;OC 868714-E_RTSM6 X - Bodega B6 Proyecto 000000003049 -> PROY STOCK ESW 2024                                                                                                                                                                                   ;ES-EL400-005;2-C.I. ENERGIA SOLAR S.A.;151261-83;T6;6063;6,2;2604 Bone White;PINTURA;PRENSA 7-4;4;28,04;PENDIENTE;;1,130645161;7,01
RETAIL;P5 2025 O ;OC 868714-E_RTSM6 X - Bodega B6 Proyecto 000000003049 -> PROY STOCK ESW 2024                                                                                                                                                                                   ;ES-EL400-006;2-C.I. ENERGIA SOLAR S.A.;151261-136;T6;6063;6,2;2604 Bone White;PINTURA;PRENSA 7-4;13;75,79;PENDIENTE;;0,940322581;5,83
RETAIL;P5 2025 O ;OC 868714-E_RTSM6 X - Bodega B6 Proyecto 000000003049 -> PROY STOCK ESW 2024                                                                                                                                                                                   ;ES-EL400-006;2-C.I. ENERGIA SOLAR S.A.;151261-180;T6;6063;5,1;2604 Bermuda Bronze;PINTURA;PRENSA 7-4;31;148,8;PENDIENTE;;0,941176471;4,8
RETAIL;P5 2025 O ;OC 868714-E_RTSM6 X - Bodega B6 Proyecto 000000003049 -> PROY STOCK ESW 2024                                                                                                                                                                                   ;ES-EL400-006;2-C.I. ENERGIA SOLAR S.A.;151261-193;T6;6063;5,1;2604 Bone White;PINTURA;PRENSA 7-4;9;43,2;PENDIENTE;;0,941176471;4,8
RETAIL;P5 2025 O ;OC 868714-E_RTSM6 X - Bodega B6 Proyecto 000000003049 -> PROY STOCK ESW 2024                                                                                                                                                                                   ;ES-EL400-007;2-C.I. ENERGIA SOLAR S.A.;151261-134;T6;6063;6,2;2604 Bone White;PINTURA;PRENSA 7-2;11;96,69;PENDIENTE;;1,417741935;8,79
RETAIL;P5 2025 O ;OC 868714-E_RTSM6 X - Bodega B6 Proyecto 000000003049 -> PROY STOCK ESW 2024                                                                                                                                                                                   ;ES-EL400-009;2-C.I. ENERGIA SOLAR S.A.;151261-104;T6;6063;6,2;2604 Bermuda Bronze;PINTURA;PRENSA 7-5;18;130,68;PENDIENTE;;1,170967742;7,26
RETAIL;P5 2025 O ;OC 868714-E_RTSM6 X - Bodega B6 Proyecto 000000003049 -> PROY STOCK ESW 2024                                                                                                                                                                                   ;ES-EL400-009;2-C.I. ENERGIA SOLAR S.A.;151261-141;T6;6063;6,2;2604 Bone White;PINTURA;PRENSA 7-5;7;50,82;PENDIENTE;;1,170967742;7,26
RETAIL;P5 2025 O ;OC 868714-E_RTSM6 X - Bodega B6 Proyecto 000000003049 -> PROY STOCK ESW 2024                                                                                                                                                                                   ;ES-EL400-009;2-C.I. ENERGIA SOLAR S.A.;151261-172;T6;6063;5,1;2604 Bermuda Bronze;PINTURA;PRENSA 7-5;22;131,34;PENDIENTE;;1,170588235;5,97
RETAIL;P5 2025 O ;OC 868714-E_RTSM6 X - Bodega B6 Proyecto 000000003049 -> PROY STOCK ESW 2024                                                                                                                                                                                   ;ES-EL400-009;2-C.I. ENERGIA SOLAR S.A.;151261-204;T6;6063;5,1;2604 Black;PINTURA;PRENSA 7-5;4;23,88;PENDIENTE;;1,170588235;5,97
RETAIL;P5 2025 O ;OC 868714-E_RTSM6 X - Bodega B6 Proyecto 000000003049 -> PROY STOCK ESW 2024                                                                                                                                                                                   ;ES-EL400-009;2-C.I. ENERGIA SOLAR S.A.;151261-244;T6;6063;5,6;2604 Bermuda Bronze;PINTURA;PRENSA 7-5;26;170,56;PENDIENTE;;1,171428571;6,56
RETAIL;P5 2025 O ;OC 868714-E_RTSM6 X - Bodega B6 Proyecto 000000003049 -> PROY STOCK ESW 2024                                                                                                                                                                                   ;ESEL400-010A;2-C.I. ENERGIA SOLAR S.A.;151261-296;T6;6063;6,2;2604 Bermuda Bronze;PINTURA;PRENSA 7-4;39;327,99;PENDIENTE;;1,356451613;8,41
RETAIL;P5 2025 O ;OC 868714-E_RTSM6 X - Bodega B6 Proyecto 000000003049 -> PROY STOCK ESW 2024                                                                                                                                                                                   ;ESEL400-010A;2-C.I. ENERGIA SOLAR S.A.;151261-297;T6;6063;6,2;2604 Bone White;PINTURA;PRENSA 7-4;21;176,61;PENDIENTE;;1,356451613;8,41
RETAIL;P5 2025 O ;OC 868714-E_RTSM6 X - Bodega B6 Proyecto 000000003049 -> PROY STOCK ESW 2024                                                                                                                                                                                   ;ESEL400-010A;2-C.I. ENERGIA SOLAR S.A.;151261-298;T6;6063;6,2;2604 Black;PINTURA;PRENSA 7-4;9;75,69;PENDIENTE;;1,356451613;8,41
RETAIL;P5 2025 O ;OC 868714-E_RTSM6 X - Bodega B6 Proyecto 000000003049 -> PROY STOCK ESW 2024                                                                                                                                                                                   ;ESEL400-010A;2-C.I. ENERGIA SOLAR S.A.;151261-299;T6;6063;5,1;2604 Arcadia Silver;PINTURA;PRENSA 7-4;6;41,52;PENDIENTE;;1,356862745;6,92
RETAIL;P5 2025 O ;OC 868714-E_RTSM6 X - Bodega B6 Proyecto 000000003049 -> PROY STOCK ESW 2024                                                                                                                                                                                   ;ESEL400-010A;2-C.I. ENERGIA SOLAR S.A.;151261-301;T6;6063;5,1;2604 Bone White;PINTURA;PRENSA 7-4;8;55,36;PENDIENTE;;1,356862745;6,92
RETAIL;P5 2025 O ;OC 868714-E_RTSM6 X - Bodega B6 Proyecto 000000003049 -> PROY STOCK ESW 2024                                                                                                                                                                                   ;ESEL400-010A;2-C.I. ENERGIA SOLAR S.A.;151261-309;T6;6063;5,1;2604 Black;PINTURA;PRENSA 7-4;7;48,44;PENDIENTE;;1,356862745;6,92
RETAIL;P5 2025 O ;OC 868714-E_RTSM6 X - Bodega B6 Proyecto 000000003049 -> PROY STOCK ESW 2024                                                                                                                                                                                   ;ESEL400-010A;2-C.I. ENERGIA SOLAR S.A.;151261-329;T6;6063;5,6;2604 Bermuda Bronze;PINTURA;PRENSA 7-4;35;266;PENDIENTE;;1,357142857;7,6
RETAIL;P5 2025 O ;OC 868714-E_RTSM6 X - Bodega B6 Proyecto 000000003049 -> PROY STOCK ESW 2024                                                                                                                                                                                   ;ESEL400-010A;2-C.I. ENERGIA SOLAR S.A.;151261-349;T6;6063;3,8;2604 Black;PINTURA;PRENSA 7-4;4;20,64;PENDIENTE;;1,357894737;5,16
RETAIL;P5 2025 O ;OC 868714-E_RTSM6 X - Bodega B6 Proyecto 000000003049 -> PROY STOCK ESW 2024                                                                                                                                                                                   ;ES-EL400-012;2-C.I. ENERGIA SOLAR S.A.;151261-109;T6;6063;6,2;2604 Bermuda Bronze;PINTURA;PRENSA 7-5;61;596,58;PENDIENTE;;1,577419355;9,78
RETAIL;P5 2025 O ;OC 868714-E_RTSM6 X - Bodega B6 Proyecto 000000003049 -> PROY STOCK ESW 2024                                                                                                                                                                                   ;ES-EL400-012;2-C.I. ENERGIA SOLAR S.A.;151261-143;T6;6063;6,2;2604 Bone White;PINTURA;PRENSA 7-5;29;283,62;PENDIENTE;;1,577419355;9,78
RETAIL;P5 2025 O ;OC 868714-E_RTSM6 X - Bodega B6 Proyecto 000000003049 -> PROY STOCK ESW 2024                                                                                                                                                                                   ;ES-EL400-012;2-C.I. ENERGIA SOLAR S.A.;151261-173;T6;6063;5,1;2604 Bermuda Bronze;PINTURA;PRENSA 7-5;4;32,16;PENDIENTE;;1,576470588;8,04
RETAIL;P5 2025 O ;OC 868710-E-PD-CV-P5 X - Bodega B6 Proyecto 000000003049 -> PROY STOCK ESW2024                                                                                                                                                                                 ;ES-EL400-014;2-C.I. ENERGIA SOLAR S.A.;151258-10;T5;6063;6,2;2604 Black;PINTURA;PRENSA 5;140;152,6;PENDIENTE;;0,175806452;1,09
RETAIL;P5 2025 O ;OC 868710-E-PD-CV-P5 X - Bodega B6 Proyecto 000000003049 -> PROY STOCK ESW2024                                                                                                                                                                                 ;ES-EL400-014;2-C.I. ENERGIA SOLAR S.A.;151258-3;T5;6063;6,2;2604 Bone White;PINTURA;PRENSA 5;140;152,6;PENDIENTE;;0,175806452;1,09
RETAIL;P5 2025 O ;OC 868710-E-PD-CV-P5 X - Bodega B6 Proyecto 000000003049 -> PROY STOCK ESW2024                                                                                                                                                                                 ;ES-EL400-014;2-C.I. ENERGIA SOLAR S.A.;151258-5;T5;6063;6,2;2604 Bermuda Bronze;PINTURA;PRENSA 5;180;196,2;PENDIENTE;;0,175806452;1,09
RETAIL;P5 2025 O ;OC 868710-E-PD-CV-P5 X - Bodega B6 Proyecto 000000003049 -> PROY STOCK ESW2024                                                                                                                                                                                 ;ES-EL400-016;2-C.I. ENERGIA SOLAR S.A.;151258-1;T5;6063;6,2;Clear Anodized class 1;ANODIZADO;PRENSA 4;180;154,8;PENDIENTE;;0,138709677;0,86
RETAIL;P5 2025 O ;OC 868710-E-PD-CV-P5 X - Bodega B6 Proyecto 000000003049 -> PROY STOCK ESW2024                                                                                                                                                                                 ;ES-EL400-016;2-C.I. ENERGIA SOLAR S.A.;151258-2;T5;6063;6,2;Black Kynar;PINTURA;PRENSA 4;180;154,8;PENDIENTE;;0,138709677;0,86
RETAIL;P5 2025 O ;OC 868714-E_RTSM6 X - Bodega B6 Proyecto 000000003049 -> PROY STOCK ESW 2024                                                                                                                                                                                   ;ES-EL400-016;2-C.I. ENERGIA SOLAR S.A.;151261-18;T5;6063;6,2;Black Kynar;PINTURA;PRENSA 4;5;4,3;PENDIENTE;;0,138709677;0,86
RETAIL;P5 2025 O ;OC 868710-E-PD-CV-P5 X - Bodega B6 Proyecto 000000003049 -> PROY STOCK ESW2024                                                                                                                                                                                 ;ES-EL400-017;2-C.I. ENERGIA SOLAR S.A.;151258-4;T5;6063;6,2;2604 Bermuda Bronze;PINTURA;PRENSA 5;290;153,7;PENDIENTE;;0,085483871;0,53
RETAIL;P5 2025 O ;OC 868714-E_RTSM6 X - Bodega B6 Proyecto 000000003049 -> PROY STOCK ESW 2024                                                                                                                                                                                   ;ES-EL400-020;2-C.I. ENERGIA SOLAR S.A.;151261-15;T6;6063;6,2;Mill Finish;MILL;PRENSA 7-5;5;9,25;PENDIENTE;;0,298387097;1,85
RETAIL;P5 2025 O ;OC 868714-E_RTSM6 X - Bodega B6 Proyecto 000000003049 -> PROY STOCK ESW 2024                                                                                                                                                                                   ;ES-EL400-020;2-C.I. ENERGIA SOLAR S.A.;151261-24;T6;6063;5,1;Mill Finish;MILL;PRENSA 7-5;17;25,84;PENDIENTE;;0,298039216;1,52
RETAIL;P5 2025 O ;OC 868714-E_RTSM6 X - Bodega B6 Proyecto 000000003049 -> PROY STOCK ESW 2024                                                                                                                                                                                   ;ES-EL400-028;2-C.I. ENERGIA SOLAR S.A.;151261-142;T6;6063;6,2;2604 Bone White;PINTURA;PRENSA 7-2;6;85,32;PENDIENTE;;2,293548387;14,22
RETAIL;P5 2025 O ;OC 868714-E_RTSM6 X - Bodega B6 Proyecto 000000003049 -> PROY STOCK ESW 2024                                                                                                                                                                                   ;ES-EL400-028;2-C.I. ENERGIA SOLAR S.A.;151261-206;T6;6063;5,1;2604 Bone White;PINTURA;PRENSA 7-2;8;93,6;PENDIENTE;;2,294117647;11,7
RETAIL;P5 2025 O ;OC 868714-E_RTSM6 X - Bodega B6 Proyecto 000000003049 -> PROY STOCK ESW 2024                                                                                                                                                                                   ;ES-EL400-029;2-C.I. ENERGIA SOLAR S.A.;151261-210;T6;6063;6,2;2604 Bermuda Bronze;PINTURA;PRENSA 7-4;4;52,96;PENDIENTE;;2,135483871;13,24
RETAIL;P5 2025 O ;OC 868714-E_RTSM6 X - Bodega B6 Proyecto 000000003049 -> PROY STOCK ESW 2024                                                                                                                                                                                   ;ES-EL400-029;2-C.I. ENERGIA SOLAR S.A.;151261-271;T6;6063;5,1;2604 Bermuda Bronze;PINTURA;PRENSA 7-4;4;43,56;PENDIENTE;;2,135294118;10,89
RETAIL;P5 2025 O ;OC 868714-E_RTSM6 X - Bodega B6 Proyecto 000000003049 -> PROY STOCK ESW 2024                                                                                                                                                                                   ;ES-EL400-030;2-C.I. ENERGIA SOLAR S.A.;151261-218;T6;6063;5,1;2604 Bermuda Bronze;PINTURA;PRENSA 7-3;43;439,46;PENDIENTE;;2,003921569;10,22
RETAIL;P5 2025 O ;OC 868714-E_RTSM6 X - Bodega B6 Proyecto 000000003049 -> PROY STOCK ESW 2024                                                                                                                                                                                   ;ES-EL400-030;2-C.I. ENERGIA SOLAR S.A.;151261-245;T6;6063;5,6;2604 Bermuda Bronze;PINTURA;PRENSA 7-3;26;291,72;PENDIENTE;;2,003571429;11,22
RETAIL;P5 2025 O ;OC 868714-E_RTSM6 X - Bodega B6 Proyecto 000000003049 -> PROY STOCK ESW 2024                                                                                                                                                                                   ;ES-EL400-030;2-C.I. ENERGIA SOLAR S.A.;151261-364;T6;6063;5,5;2604 Black;PINTURA;PRENSA 7-3;11;121,22;PENDIENTE;;2,003636364;11,02
RETAIL;P5 2025 O ;OC 868714-E_RTSM6 X - Bodega B6 Proyecto 000000003049 -> PROY STOCK ESW 2024                                                                                                                                                                                   ;ES-EL400-030;2-C.I. ENERGIA SOLAR S.A.;151261-365;T6;6063;5,5;2604 Bone White;PINTURA;PRENSA 7-3;46;506,92;PENDIENTE;;2,003636364;11,02
RETAIL;P5 2025 O ;OC 868714-E_RTSM6 X - Bodega B6 Proyecto 000000003049 -> PROY STOCK ESW 2024                                                                                                                                                                                   ;ES-EL400-031;2-C.I. ENERGIA SOLAR S.A.;151261-145;T6;6063;6,2;2604 Bone White;PINTURA;PRENSA 7-5;7;80,08;PENDIENTE;;1,84516129;11,44
RETAIL;P5 2025 O ;OC 868714-E_RTSM6 X - Bodega B6 Proyecto 000000003049 -> PROY STOCK ESW 2024                                                                                                                                                                                   ;ES-EL400-031;2-C.I. ENERGIA SOLAR S.A.;151261-221;T6;6063;5,1;2604 Bermuda Bronze;PINTURA;PRENSA 7-5;48;451,68;PENDIENTE;;1,845098039;9,41
RETAIL;P5 2025 O ;OC 868714-E_RTSM6 X - Bodega B6 Proyecto 000000003049 -> PROY STOCK ESW 2024                                                                                                                                                                                   ;ES-EL400-031;2-C.I. ENERGIA SOLAR S.A.;151261-253;T6;6063;5,1;2604 Bone White;PINTURA;PRENSA 7-5;10;94,1;PENDIENTE;;1,845098039;9,41
RETAIL;P5 2025 O ;OC 868714-E_RTSM6 X - Bodega B6 Proyecto 000000003049 -> PROY STOCK ESW 2024                                                                                                                                                                                   ;ES-EL400-038;2-C.I. ENERGIA SOLAR S.A.;151261-318;T6;6063;6,2;Clear Anodized class 1;ANODIZADO;PRENSA 9-2;4;39,12;PENDIENTE;;1,577419355;9,78
RETAIL;P5 2025 O ;OC 868714-E_RTSM6 X - Bodega B6 Proyecto 000000003049 -> PROY STOCK ESW 2024                                                                                                                                                                                   ;ESEL400-039A;2-C.I. ENERGIA SOLAR S.A.;151261-343;T6;6063;5,1;2604 Bermuda Bronze;PINTURA;PRENSA 9-2;4;37,28;PENDIENTE;;1,82745098;9,32
RETAIL;P5 2025 O ;OC 868714-E_RTSM6 X - Bodega B6 Proyecto 000000003049 -> PROY STOCK ESW 2024                                                                                                                                                                                   ;ES-EL400-201;2-C.I. ENERGIA SOLAR S.A.;151261-144;T6;6063;6,2;2604 Bone White;PINTURA;PRENSA 9;9;93,6;PENDIENTE;;1,677419355;10,4
RETAIL;P5 2025 O ;OC 868714-E_RTSM6 X - Bodega B6 Proyecto 000000003049 -> PROY STOCK ESW 2024                                                                                                                                                                                   ;ES-EL400-202;2-C.I. ENERGIA SOLAR S.A.;151261-17;T6;6063;6,2;Clear Anodized class 1;ANODIZADO;PRENSA 7-1;9;77,4;PENDIENTE;;1,387096774;8,6
RETAIL;P5 2025 O ;OC 868714-E_RTSM6 X - Bodega B6 Proyecto 000000003049 -> PROY STOCK ESW 2024                                                                                                                                                                                   ;ES-EL400-204;2-C.I. ENERGIA SOLAR S.A.;151261-181;T6;6063;5,1;2604 Bermuda Bronze;PINTURA;PRENSA 7-3;7;53,97;PENDIENTE;;1,511764706;7,71
RETAIL;P5 2025 O ;OC 868714-E_RTSM6 X - Bodega B6 Proyecto 000000003049 -> PROY STOCK ESW 2024                                                                                                                                                                                   ;ES-EL400-204;2-C.I. ENERGIA SOLAR S.A.;151261-184;T6;6063;5,1;2604 Bone White;PINTURA;PRENSA 7-3;7;53,97;PENDIENTE;;1,511764706;7,71
CW;P5 2025 O ;OC 868686-E 288 EAST X - Bodega B3 Proyecto 000000003181 -> 288 E 88TH STREET-New York, NY PROD L16-L23 - ES-PI312T                                                                                                                                            ;ES-EUR-001A ;2-C.I. ENERGIA SOLAR S.A.;151193-1;T6;6063;6,2;Mill Finish;MILL;PRENSA 7-5;24;21,36;PENDIENTE;;0,143548387;0,89
RETAIL;P5 2025 O ;OC 868715-E_IIRTSEM6 X - Bodega B6 Proyecto 000000003049 -> PROY STOCK ESW2024                                                                                                                                                                                 ;ESGD2020T058;2-C.I. ENERGIA SOLAR S.A.;151254-16;T6;6063;6,2;Clear Anodized class 1;ANODIZADO_ASSE;PRENSA 7-2;6;45,36;PENDIENTE;;1,219354839;7,56
RETAIL;P5 2025 O ;OC 868715-E_IIRTSEM6 X - Bodega B6 Proyecto 000000003049 -> PROY STOCK ESW2024                                                                                                                                                                                 ;ESGD2020T059;2-C.I. ENERGIA SOLAR S.A.;151254-13;T6;6063;6,2;Clear Anodized class 1;ANODIZADO_ASSE;PRENSA 7-2;6;35,76;PENDIENTE;;0,961290323;5,96
RETAIL;P5 2025 O ;OC 868715-E_IIRTSEM6 X - Bodega B6 Proyecto 000000003049 -> PROY STOCK ESW2024                                                                                                                                                                                 ;ESGD2020T060;2-C.I. ENERGIA SOLAR S.A.;151254-44;T6;6063;6,2;Duranar Arcadia Silver;PINTURA_ASSE;PRENSA 7-5;8;47,76;PENDIENTE;;0,962903226;5,97
RETAIL;P5 2025 O ;OC 868715-E_IIRTSEM6 X - Bodega B2 Proyecto 000000003049 -> PROY STOCK ESW 2024                                                                                                                                                                                ;ES-H340-005A;2-C.I. ENERGIA SOLAR S.A.;151252-2;T6;6063;6,2;Duranar Bone White;PINTURA_ASSE;PRENSA 4;4;20,84;PENDIENTE;;0,840322581;5,21
RETAIL;P5 2025 O ;OC 868715-E_IIRTSEM6 X - Bodega B2 Proyecto 000000003049 -> PROY STOCK ESW 2024                                                                                                                                                                                ;ES-H340-006 ;2-C.I. ENERGIA SOLAR S.A.;151252-3;T6;6063;6,2;Duranar Bone White;PINTURA_ASSE;PRENSA 7-3;4;15,64;PENDIENTE;;0,630645161;3,91
RETAIL;P5 2025 O ;OC 868715-E_IIRTSEM6 X - Bodega B2 Proyecto 000000003049 -> PROY STOCK ESW 2024                                                                                                                                                                                ;ES-H340-011A;2-C.I. ENERGIA SOLAR S.A.;151252-1;T6;6063;6,2;Duranar Bermuda Bronze;PINTURA_ASSE;PRENSA 7-2;4;13,72;PENDIENTE;;0,553225806;3,43
RETAIL;P5 2025 O ;OC 868715-E_IIRTSEM6 X - Bodega B3 Proyecto 000000003049 -> PROY STOCK ESW 2024                                                                                                                                                                                ;ES-P250-001 ;2-C.I. ENERGIA SOLAR S.A.;151253-10;T6;6063;6,2;2604 Bermuda Bronze;PINTURA_ASSE;PRENSA 4;7;25,06;PENDIENTE;;0,577419355;3,58
RETAIL;P5 2025 O ;OC 868715-E_IIRTSEM6 X - Bodega B3 Proyecto 000000003049 -> PROY STOCK ESW 2024                                                                                                                                                                                ;ES-P250-001 ;2-C.I. ENERGIA SOLAR S.A.;151253-14;T6;6063;6,2;2604 Bermuda Bronze;PINTURA_ASSE;PRENSA 4;25;89,5;PENDIENTE;;0,577419355;3,58
RETAIL;P5 2025 O ;OC 868715-E_IIRTSEM6 X - Bodega B3 Proyecto 000000003049 -> PROY STOCK ESW 2024                                                                                                                                                                                ;ES-P250-001 ;2-C.I. ENERGIA SOLAR S.A.;151253-8;T6;6063;6,2;Black Kynar;PINTURA_ASSE;PRENSA 4;4;14,32;PENDIENTE;;0,577419355;3,58
RETAIL;P5 2025 O ;OC 868713-EII-PD-PGD-P5 X - Bodega B3 Proyecto 000000003049 -> PROY STOCK ESW 2024                                                                                                                                                                             ;ES-P250-003A;2-C.I. ENERGIA SOLAR S.A.;151264-1;T6;6063;6,2;Duranar Bermuda Bronze;PINTURA_ASSE;PRENSA 7-2;16;101,12;PENDIENTE;;1,019354839;6,32
RETAIL;P5 2025 O ;OC 868715-E_IIRTSEM6 X - Bodega B3 Proyecto 000000003049 -> PROY STOCK ESW 2024                                                                                                                                                                                ;ES-P250-030 ;2-C.I. ENERGIA SOLAR S.A.;151253-4;T6;6063;6,2;Black Kynar;PINTURA_ASSE;PRENSA 4;5;20,3;PENDIENTE;;0,65483871;4,06
RETAIL;P5 2025 O ;OC 868713-EII-PD-PGD-P5 X - Bodega B3 Proyecto 000000003049 -> PROY STOCK ESW 2024                                                                                                                                                                             ;ES-P252-002A;2-C.I. ENERGIA SOLAR S.A.;151264-2;T6;6063;6,2;Duranar Bermuda Bronze;PINTURA_ASSE;PRENSA 7-1;16;58,72;PENDIENTE;;0,591935484;3,67
RETAIL;P5 2025 O ;OC 868715-E_IIRTSEM6 X - Bodega B3 Proyecto 000000003049 -> PROY STOCK ESW 2024                                                                                                                                                                                ;ES-P252-022 ;2-C.I. ENERGIA SOLAR S.A.;151253-11;T6;6063;6,2;2604 Bermuda Bronze;PINTURA_ASSE;PRENSA 5;7;35,77;PENDIENTE;;0,824193548;5,11
RETAIL;P5 2025 O ;OC 868715-E_IIRTSEM6 X - Bodega B3 Proyecto 000000003049 -> PROY STOCK ESW 2024                                                                                                                                                                                ;ES-P252-022 ;2-C.I. ENERGIA SOLAR S.A.;151253-5;T6;6063;6,2;Black Kynar;PINTURA_ASSE;PRENSA 5;5;25,55;PENDIENTE;;0,824193548;5,11
RETAIL;P5 2025 O ;OC 868714-E_RTSM6 X - Bodega B3 Proyecto 000000003049 -> PROY STOCK ESW 2024                                                                                                                                                                                   ;ES-P300-005 ;2-C.I. ENERGIA SOLAR S.A.;151250-88;T5;6063;6,2;2604 Bermuda Bronze;PINTURA;PRENSA 4;22;21,34;PENDIENTE;;0,156451613;0,97
RETAIL;P5 2025 O ;OC 868715-E_IIRTSEM6 X - Bodega B3 Proyecto 000000003049 -> PROY STOCK ESW 2024                                                                                                                                                                                ;ES-P300-012 ;2-C.I. ENERGIA SOLAR S.A.;151253-1;T6;6063;6,2;Black Kynar;PINTURA_ASSE;PRENSA 7-4;7;48,23;PENDIENTE;;1,111290323;6,89
RETAIL;P5 2025 O ;OC 868715-E_IIRTSEM6 X - Bodega B3 Proyecto 000000003049 -> PROY STOCK ESW 2024                                                                                                                                                                                ;ES-P300-013 ;2-C.I. ENERGIA SOLAR S.A.;151253-2;T6;6063;6,2;Black Kynar;PINTURA_ASSE;PRENSA 7-4;7;22,12;PENDIENTE;;0,509677419;3,16
RETAIL;P5 2025 O ;OC 868715-E_IIRTSEM6 X - Bodega B3 Proyecto 000000003049 -> PROY STOCK ESW 2024                                                                                                                                                                                ;ES-P300-037 ;2-C.I. ENERGIA SOLAR S.A.;151253-13;T6;6063;6,2;2604 Bermuda Bronze;PINTURA_ASSE;PRENSA 7-4;25;139,75;PENDIENTE;;0,901612903;5,59
RETAIL;P5 2025 O ;OC 868715-E_IIRTSEM6 X - Bodega B3 Proyecto 000000003049 -> PROY STOCK ESW 2024                                                                                                                                                                                ;ES-P300-037 ;2-C.I. ENERGIA SOLAR S.A.;151253-7;T6;6063;6,2;Black Kynar;PINTURA_ASSE;PRENSA 7-4;4;22,36;PENDIENTE;;0,901612903;5,59
RETAIL;P5 2025 O ;OC 868712-E-PD-PGD-P5 X - Bodega B3 Proyecto 000000003049 -> PROY STOCK ESW2024                                                                                                                                                                                ;ESPGD3040002;2-C.I. ENERGIA SOLAR S.A.;151262-1;T6;6063;6,2;Black Kynar;PINTURA;PRENSA 7-2;11;162,36;PENDIENTE;;2,380645161;14,76
RETAIL;P5 2025 O ;OC 868714-E_RTSM6 X - Bodega B3 Proyecto 000000003049 -> PROY STOCK ESW 2024                                                                                                                                                                                   ;ESPGD3040004;2-C.I. ENERGIA SOLAR S.A.;151250-80;T6;6063;6,2;Mill Finish;MILL;PRENSA 7-1;5;64,65;PENDIENTE;;2,085483871;12,93
RETAIL;P5 2025 O ;OC 868712-E-PD-PGD-P5 X - Bodega B3 Proyecto 000000003049 -> PROY STOCK ESW2024                                                                                                                                                                                ;ESPGD3040026;2-C.I. ENERGIA SOLAR S.A.;151262-4;T5;6063;6,2;Duranar Bermuda Bronze;PINTURA;PRENSA 7-2;80;150,4;PENDIENTE;;0,303225806;1,88
RETAIL;P5 2025 O ;OC 868714-E_RTSM6 X - Bodega B3 Proyecto 000000003049 -> PROY STOCK ESW 2024                                                                                                                                                                                   ;ESPGD3040026;2-C.I. ENERGIA SOLAR S.A.;151250-85;T5;6063;5,1;Duranar Bermuda Bronze;PINTURA;PRENSA 7-2;7;10,85;PENDIENTE;;0,303921569;1,55
RETAIL;P5 2025 O ;OC 868712-E-PD-PGD-P5 X - Bodega B3 Proyecto 000000003049 -> PROY STOCK ESW2024                                                                                                                                                                                ;ESPGD304006A;2-C.I. ENERGIA SOLAR S.A.;151262-2;T6;6063;6,2;Duranar Bermuda Bronze;PINTURA;PRENSA 7-5;50;152;PENDIENTE;;0,490322581;3,04
RETAIL;P5 2025 O ;OC 868714-E_RTSM6 X - Bodega B3 Proyecto 000000003049 -> PROY STOCK ESW 2024                                                                                                                                                                                   ;ESPGD304006A;2-C.I. ENERGIA SOLAR S.A.;151250-83;T6;6063;6,2;Duranar Bermuda Bronze;PINTURA;PRENSA 7-5;6;18,24;PENDIENTE;;0,490322581;3,04
RETAIL;P5 2025 O ;OC 868712-E-PD-PGD-P5 X - Bodega B3 Proyecto 000000003049 -> PROY STOCK ESW2024                                                                                                                                                                                ;ESPGD304012A;2-C.I. ENERGIA SOLAR S.A.;151262-3;T5;6063;6,2;Duranar Bermuda Bronze;PINTURA;PRENSA 4;148;150,96;PENDIENTE;;0,164516129;1,02
CW;P5 2025 O ;OC 868687-E 288 EAST X - Bodega B3 Proyecto 000000003181 -> 288 E 88TH STREET-New York, NY PROD L16-L23 - ES-PI312T                                                                                                                                            ;ESPI312T-001;2-C.I. ENERGIA SOLAR S.A.;151194-2;T6;6063;3,4;Drcn 100 Bone White 3;PINTURA_ASSE;PRENSA 7-1;77;164,01;LIBERADO;;0,626470588;2,13
CW;P5 2025 O ;OC 868687-E 288 EAST X - Bodega B3 Proyecto 000000003181 -> 288 E 88TH STREET-New York, NY PROD L16-L23 - ES-PI312T                                                                                                                                            ;ESPI312T-001;2-C.I. ENERGIA SOLAR S.A.;151194-5;T6;6063;4;Drcn 100 Bone White 3;PINTURA_ASSE;PRENSA 7-1;63;158,13;LIBERADO;;0,6275;2,51
CW;P5 2025 O ;OC 868687-E 288 EAST X - Bodega B3 Proyecto 000000003181 -> 288 E 88TH STREET-New York, NY PROD L16-L23 - ES-PI312T                                                                                                                                            ;ESPI312T-002;2-C.I. ENERGIA SOLAR S.A.;151194-1;T6;6063;3,4;D. Cfth Dark Suede;PINTURA_ASSE;PRENSA 5;77;181,72;LIBERADO;;0,694117647;2,36
CW;P5 2025 O ;OC 868687-E 288 EAST X - Bodega B3 Proyecto 000000003181 -> 288 E 88TH STREET-New York, NY PROD L16-L23 - ES-PI312T                                                                                                                                            ;ESPI312T-002;2-C.I. ENERGIA SOLAR S.A.;151194-4;T6;6063;4;D. Cfth Dark Suede;PINTURA_ASSE;PRENSA 5;63;175,14;LIBERADO;;0,695;2,78
CW;P5 2025 O ;OC 868687-E 288 EAST X - Bodega B3 Proyecto 000000003181 -> 288 E 88TH STREET-New York, NY PROD L16-L23 - ES-PI312T                                                                                                                                            ;ESPI312T-003;2-C.I. ENERGIA SOLAR S.A.;151194-11;T6;6063;4;Drcn 100 Bone White 3;PINTURA_ASSE;PRENSA 7-2;69;248,4;LIBERADO;;0,9;3,6
CW;P5 2025 O ;OC 868687-E 288 EAST X - Bodega B3 Proyecto 000000003181 -> 288 E 88TH STREET-New York, NY PROD L16-L23 - ES-PI312T                                                                                                                                            ;ESPI312T-003;2-C.I. ENERGIA SOLAR S.A.;151194-8;T6;6063;3,4;Drcn 100 Bone White 3;PINTURA_ASSE;PRENSA 7-2;69;211,14;LIBERADO;;0,9;3,06
CW;P5 2025 O ;OC 868687-E 288 EAST X - Bodega B3 Proyecto 000000003181 -> 288 E 88TH STREET-New York, NY PROD L16-L23 - ES-PI312T                                                                                                                                            ;ESPI312T-005;2-C.I. ENERGIA SOLAR S.A.;151194-10;T6;6063;4;D. Cfth Dark Suede;PINTURA_ASSE;PRENSA 5;69;111,78;LIBERADO;;0,405;1,62
CW;P5 2025 O ;OC 868687-E 288 EAST X - Bodega B3 Proyecto 000000003181 -> 288 E 88TH STREET-New York, NY PROD L16-L23 - ES-PI312T                                                                                                                                            ;ESPI312T-005;2-C.I. ENERGIA SOLAR S.A.;151194-7;T6;6063;3,4;D. Cfth Dark Suede;PINTURA_ASSE;PRENSA 5;69;95,22;LIBERADO;;0,405882353;1,38
RETAIL;P5 2025 O ;OC 868713-EII-PD-PGD-P5 X - Bodega B6 Proyecto 000000003049 -> PROY STOCK ESW 2024                                                                                                                                                                             ;ESPSD5030T06;2-C.I. ENERGIA SOLAR S.A.;151265-19;T6;6063;6,2;Duranar Bermuda Bronze;PINTURA_ASSE;PRENSA 7-2;10;55;PENDIENTE;;0,887096774;5,5
RETAIL;P5 2025 O ;OC 868713-EII-PD-PGD-P5 X - Bodega B6 Proyecto 000000003049 -> PROY STOCK ESW 2024                                                                                                                                                                             ;ESPSD5030T09;2-C.I. ENERGIA SOLAR S.A.;151265-31;T6;6063;6,2;Duranar Bermuda Bronze;PINTURA_ASSE;PRENSA 7-1;10;54,6;PENDIENTE;;0,880645161;5,46
RETAIL;P5 2025 O ;OC 868712-E-PD-PGD-P5 X - Bodega B6 Proyecto 000000003049 -> PROY STOCK ESW2024                                                                                                                                                                                ;ESPSD5030T11;2-C.I. ENERGIA SOLAR S.A.;151263-2;T5;6063;6,2;Duranar Bone White;PINTURA;PRENSA 7-2;72;151,2;PENDIENTE;;0,338709677;2,1
RETAIL;P5 2025 O ;OC 868714-E_RTSM6 X - Bodega B6 Proyecto 000000003049 -> PROY STOCK ESW 2024                                                                                                                                                                                   ;ESPSD5030T11;2-C.I. ENERGIA SOLAR S.A.;151261-310;T5;6063;5,1;Duranar Bone White;PINTURA;PRENSA 7-2;4;6,88;PENDIENTE;;0,337254902;1,72
RETAIL;P5 2025 O ;OC 868714-E_RTSM6 X - Bodega B6 Proyecto 000000003049 -> PROY STOCK ESW 2024                                                                                                                                                                                   ;ESPSD5030T11;2-C.I. ENERGIA SOLAR S.A.;151261-69;T5;6063;6,2;Duranar Bone White;PINTURA;PRENSA 7-2;5;10,5;PENDIENTE;;0,338709677;2,1
RETAIL;P5 2025 O ;OC 868714-E_RTSM6 X - Bodega B6 Proyecto 000000003049 -> PROY STOCK ESW 2024                                                                                                                                                                                   ;ESPSD5030T15;2-C.I. ENERGIA SOLAR S.A.;151261-327;T5;6063;5,1;Embero DS739+2301/02L;PINTURA PWR;PRENSA 5;4;7,48;PENDIENTE;;0,366666667;1,87
RETAIL;P5 2025 O ;OC 868713-EII-PD-PGD-P5 X - Bodega B6 Proyecto 000000003049 -> PROY STOCK ESW 2024                                                                                                                                                                             ;ESPSD5030T29;2-C.I. ENERGIA SOLAR S.A.;151265-28;T6;6063;6,2;Duranar Bermuda Bronze;PINTURA_ASSE;PRENSA 7-3;10;55,6;PENDIENTE;;0,896774194;5,56
RETAIL;P5 2025 O ;OC 868713-EII-PD-PGD-P5 X - Bodega B6 Proyecto 000000003049 -> PROY STOCK ESW 2024                                                                                                                                                                             ;ESPSD5030T29;2-C.I. ENERGIA SOLAR S.A.;151265-34;T6;6063;6,2;Black Kynar;PINTURA_ASSE;PRENSA 7-3;10;55,6;PENDIENTE;;0,896774194;5,56
RETAIL;P5 2025 O ;OC 868715-E_IIRTSEM6 X - Bodega B6 Proyecto 000000003049 -> PROY STOCK ESW2024                                                                                                                                                                                 ;ESPSD5030T29;2-C.I. ENERGIA SOLAR S.A.;151254-21;T6;6063;6,2;Teka DS733+2601/01L;PINTURA PWR_ASSE;PRENSA 7-3;4;22,24;PENDIENTE;;0,896774194;5,56
RETAIL;P5 2025 O ;OC 868713-EII-PD-PGD-P5 X - Bodega B6 Proyecto 000000003049 -> PROY STOCK ESW 2024                                                                                                                                                                             ;ESPSD5030T30;2-C.I. ENERGIA SOLAR S.A.;151265-21;T6;6063;6,2;Duranar Bone White;PINTURA_ASSE;PRENSA 7-2;10;64;PENDIENTE;;1,032258065;6,4
RETAIL;P5 2025 O ;OC 868713-EII-PD-PGD-P5 X - Bodega B6 Proyecto 000000003049 -> PROY STOCK ESW 2024                                                                                                                                                                             ;ESPSD5030T30;2-C.I. ENERGIA SOLAR S.A.;151265-24;T6;6063;6,2;Duranar Bermuda Bronze;PINTURA_ASSE;PRENSA 7-2;10;64;PENDIENTE;;1,032258065;6,4
RETAIL;P5 2025 O ;(en blanco);ES-S-001B   ;2-C.I. ENERGIA SOLAR S.A.;151251-144;T5;6063;6,2;2604 Bone White;PINTURA;PRENSA 5;77;268,73;LIBERADO;;0,562903226;3,49
RETAIL;P5 2025 O ;(en blanco);ES-S-001B   ;2-C.I. ENERGIA SOLAR S.A.;151251-145;T5;6063;6,2;2604 Bermuda Bronze;PINTURA;PRENSA 5;62;216,38;LIBERADO;;0,562903226;3,49
RETAIL;P5 2025 O ;(en blanco);ES-S-001B   ;2-C.I. ENERGIA SOLAR S.A.;151251-148;T5;6063;6,2;Duranar Arcadia Silver;PINTURA;PRENSA 5;10;34,9;LIBERADO;;0,562903226;3,49
RETAIL;P5 2025 O ;(en blanco);ES-S002     ;2-C.I. ENERGIA SOLAR S.A.;151251-20;T5;6063;5,1;2604 Bone White;PINTURA;PRENSA 7-5;15;64,5;LIBERADO;;0,843137255;4,3
RETAIL;P5 2025 O ;(en blanco);ES-S003     ;2-C.I. ENERGIA SOLAR S.A.;151251-10;T5;6063;6,2;Duranar Arcadia Silver;PINTURA;PRENSA 7-4;10;65,3;PENDIENTE;;1,053225806;6,53
RETAIL;P5 2025 O ;(en blanco);ES-S003     ;2-C.I. ENERGIA SOLAR S.A.;151251-19;T5;6063;6,2;2604 Bone White;PINTURA;PRENSA 7-4;10;65,3;PENDIENTE;;1,053225806;6,53
RETAIL;P5 2025 O ;(en blanco);ES-S008     ;2-C.I. ENERGIA SOLAR S.A.;151251-16;T6;6063;5,1;Clear Anodized class 1;ANODIZADO;PRENSA 7-5;4;11,96;PENDIENTE;;0,58627451;2,99
RETAIL;P5 2025 O ;OC 868714-E_RTSM6 X - Bodega B6 Proyecto 000000003049 -> PROY STOCK ESW 2024                                                                                                                                                                                   ;ESSGD2020002;2-C.I. ENERGIA SOLAR S.A.;151261-32;T6;6063;5,3;Clear Anodized class 1;ANODIZADO;PRENSA 9;14;242,2;PENDIENTE;;3,264150943;17,3
RETAIL;P5 2025 O ;OC 868714-E_RTSM6 X - Bodega B6 Proyecto 000000003049 -> PROY STOCK ESW 2024                                                                                                                                                                                   ;ESSGD2020002;2-C.I. ENERGIA SOLAR S.A.;151261-48;T6;6063;3,8;Clear Anodized class 1;ANODIZADO;PRENSA 9;26;322,66;PENDIENTE;;3,265789474;12,41
RETAIL;P5 2025 O ;OC 868714-E_RTSM6 X - Bodega B6 Proyecto 000000003049 -> PROY STOCK ESW 2024                                                                                                                                                                                   ;ESSGD2020002;2-C.I. ENERGIA SOLAR S.A.;151261-51;T6;6063;4,7;Clear Anodized class 1;ANODIZADO;PRENSA 9;9;138,15;PENDIENTE;;3,265957447;15,35
RETAIL;P5 2025 O ;OC 868714-E_RTSM6 X - Bodega B6 Proyecto 000000003049 -> PROY STOCK ESW 2024                                                                                                                                                                                   ;ESSGD2020002;2-C.I. ENERGIA SOLAR S.A.;151261-70;T6;6063;5,2;Clear Anodized class 1;ANODIZADO;PRENSA 9;8;135,84;PENDIENTE;;3,265384615;16,98
RETAIL;P5 2025 O ;OC 868714-E_RTSM6 X - Bodega B6 Proyecto 000000003049 -> PROY STOCK ESW 2024                                                                                                                                                                                   ;ESSGD2020004;2-C.I. ENERGIA SOLAR S.A.;151261-114;T6;6063;6,2;2604 Bermuda Bronze;PINTURA;PRENSA 9;5;71,2;LIBERADO;;2,296774194;14,24
RETAIL;P5 2025 O ;OC 868714-E_RTSM6 X - Bodega B6 Proyecto 000000003049 -> PROY STOCK ESW 2024                                                                                                                                                                                   ;ESSGD2020004;2-C.I. ENERGIA SOLAR S.A.;151261-153;T6;6063;6,2;2604 Bone White;PINTURA;PRENSA 9;6;85,44;LIBERADO;;2,296774194;14,24
RETAIL;P5 2025 O ;OC 868714-E_RTSM6 X - Bodega B6 Proyecto 000000003049 -> PROY STOCK ESW 2024                                                                                                                                                                                   ;ESSGD2020004;2-C.I. ENERGIA SOLAR S.A.;151261-289;T6;6063;3,8;2604 Bermuda Bronze;PINTURA;PRENSA 9;45;392,4;LIBERADO;;2,294736842;8,72
RETAIL;P5 2025 O ;OC 868714-E_RTSM6 X - Bodega B6 Proyecto 000000003049 -> PROY STOCK ESW 2024                                                                                                                                                                                   ;ESSGD2020004;2-C.I. ENERGIA SOLAR S.A.;151261-303;T6;6063;5,3;Black Kynar;PINTURA;PRENSA 9;4;48,68;LIBERADO;;2,296226415;12,17
RETAIL;P5 2025 O ;OC 868714-E_RTSM6 X - Bodega B6 Proyecto 000000003049 -> PROY STOCK ESW 2024                                                                                                                                                                                   ;ESSGD2020008;2-C.I. ENERGIA SOLAR S.A.;151261-139;T6;6063;6,2;2604 Bone White;PINTURA;PRENSA 7-2;4;17,92;LIBERADO;;0,722580645;4,48
RETAIL;P5 2025 O ;OC 868714-E_RTSM6 X - Bodega B6 Proyecto 000000003049 -> PROY STOCK ESW 2024                                                                                                                                                                                   ;ESSGD2020008;2-C.I. ENERGIA SOLAR S.A.;151261-192;T6;6063;5,1;2604 Bone White;PINTURA;PRENSA 7-2;9;33,21;LIBERADO;;0,723529412;3,69
RETAIL;P5 2025 O ;OC 868714-E_RTSM6 X - Bodega B6 Proyecto 000000003049 -> PROY STOCK ESW 2024                                                                                                                                                                                   ;ESSGD2020008;2-C.I. ENERGIA SOLAR S.A.;151261-268;T6;6063;3,8;2604 Bermuda Bronze;PINTURA;PRENSA 7-2;7;19,25;LIBERADO;;0,723684211;2,75
RETAIL;P5 2025 O ;OC 868714-E_RTSM6 X - Bodega B6 Proyecto 000000003049 -> PROY STOCK ESW 2024                                                                                                                                                                                   ;ESSGD2020008;2-C.I. ENERGIA SOLAR S.A.;151261-27;T6;6063;6,2;Black Kynar;PINTURA;PRENSA 7-2;4;17,92;LIBERADO;;0,722580645;4,48
RETAIL;P5 2025 O ;OC 868714-E_RTSM6 X - Bodega B6 Proyecto 000000003049 -> PROY STOCK ESW 2024                                                                                                                                                                                   ;ESSGD2020008;2-C.I. ENERGIA SOLAR S.A.;151261-274;T6;6063;7,6;2604 Bermuda Bronze;PINTURA;PRENSA 7-2;5;27,45;LIBERADO;;0,722368421;5,49
RETAIL;P5 2025 O ;OC 868714-E_RTSM6 X - Bodega B6 Proyecto 000000003049 -> PROY STOCK ESW 2024                                                                                                                                                                                   ;ESSGD2020008;2-C.I. ENERGIA SOLAR S.A.;151261-276;T6;6063;4,5;2604 Bermuda Bronze;PINTURA;PRENSA 7-2;25;81,25;LIBERADO;;0,722222222;3,25
RETAIL;P5 2025 O ;OC 868714-E_RTSM6 X - Bodega B6 Proyecto 000000003049 -> PROY STOCK ESW 2024                                                                                                                                                                                   ;ESSGD2020008;2-C.I. ENERGIA SOLAR S.A.;151261-347;T6;6063;3,8;Black Kynar;PINTURA;PRENSA 7-2;6;16,5;LIBERADO;;0,723684211;2,75
RETAIL;P5 2025 O ;OC 868714-E_RTSM6 X - Bodega B6 Proyecto 000000003049 -> PROY STOCK ESW 2024                                                                                                                                                                                   ;ESSGD2020008;2-C.I. ENERGIA SOLAR S.A.;151261-363;T6;6063;8,5;2604 Bone White;PINTURA;PRENSA 7-2;4;24,6;LIBERADO;;0,723529412;6,15
RETAIL;P5 2025 O ;OC 868714-E_RTSM6 X - Bodega B6 Proyecto 000000003049 -> PROY STOCK ESW 2024                                                                                                                                                                                   ;ESSGD2020008;2-C.I. ENERGIA SOLAR S.A.;151261-42;T6;6063;5,1;Duranar Bone White;PINTURA;PRENSA 7-2;6;22,14;LIBERADO;;0,723529412;3,69
RETAIL;P5 2025 O ;OC 868714-E_RTSM6 X - Bodega B6 Proyecto 000000003049 -> PROY STOCK ESW 2024                                                                                                                                                                                   ;ESSGD2020008;2-C.I. ENERGIA SOLAR S.A.;151261-49;T6;6063;5,1;Black Kynar;PINTURA;PRENSA 7-2;5;18,45;LIBERADO;;0,723529412;3,69
RETAIL;P5 2025 O ;OC 868714-E_RTSM6 X - Bodega B6 Proyecto 000000003049 -> PROY STOCK ESW 2024                                                                                                                                                                                   ;ESSGD2020008;2-C.I. ENERGIA SOLAR S.A.;151261-53;T6;6063;3,8;Duranar Bone White;PINTURA;PRENSA 7-2;5;13,75;LIBERADO;;0,723684211;2,75
RETAIL;P5 2025 O ;OC 868714-E_RTSM6 X - Bodega B6 Proyecto 000000003049 -> PROY STOCK ESW 2024                                                                                                                                                                                   ;ESSGD2020008;2-C.I. ENERGIA SOLAR S.A.;151261-84;T6;6063;6,2;2604 Bermuda Bronze;PINTURA;PRENSA 7-2;62;277,76;LIBERADO;;0,722580645;4,48
RETAIL;P5 2025 O ;OC 868714-E_RTSM6 X - Bodega B6 Proyecto 000000003049 -> PROY STOCK ESW 2024                                                                                                                                                                                   ;ESSGD2020008;2-C.I. ENERGIA SOLAR S.A.;151261-85;T6;6063;5,1;2604 Bermuda Bronze;PINTURA;PRENSA 7-2;44;162,36;LIBERADO;;0,723529412;3,69
RETAIL;P5 2025 O ;OC 868714-E_RTSM6 X - Bodega B6 Proyecto 000000003049 -> PROY STOCK ESW 2024                                                                                                                                                                                   ;ESSGD2020011;2-C.I. ENERGIA SOLAR S.A.;151261-219;T6;6063;6,2;2604 Black;PINTURA;PRENSA 7-2;4;63,2;PENDIENTE;;2,548387097;15,8
RETAIL;P5 2025 O ;OC 868714-E_RTSM6 X - Bodega B6 Proyecto 000000003049 -> PROY STOCK ESW 2024                                                                                                                                                                                   ;ESSGD2020012;2-C.I. ENERGIA SOLAR S.A.;151261-30;T6;6063;5,6;Clear Anodized class 1;ANODIZADO;PRENSA 7-2;5;74,2;PENDIENTE;;2,65;14,84
RETAIL;P5 2025 O ;OC 868714-E_RTSM6 X - Bodega B6 Proyecto 000000003049 -> PROY STOCK ESW 2024                                                                                                                                                                                   ;ESSGD2020012;2-C.I. ENERGIA SOLAR S.A.;151261-36;T6;6063;7,6;Clear Anodized class 1;ANODIZADO;PRENSA 7-2;4;80,56;PENDIENTE;;2,65;20,14
RETAIL;P5 2025 O ;OC 868714-E_RTSM6 X - Bodega B6 Proyecto 000000003049 -> PROY STOCK ESW 2024                                                                                                                                                                                   ;ESSGD2020012;2-C.I. ENERGIA SOLAR S.A.;151261-40;T6;6063;5,1;Clear Anodized class 1;ANODIZADO;PRENSA 7-2;7;94,57;PENDIENTE;;2,649019608;13,51
RETAIL;P5 2025 O ;OC 868714-E_RTSM6 X - Bodega B6 Proyecto 000000003049 -> PROY STOCK ESW 2024                                                                                                                                                                                   ;ESSGD2020012;2-C.I. ENERGIA SOLAR S.A.;151261-52;T6;6063;3,8;Clear Anodized class 1;ANODIZADO;PRENSA 7-2;9;90,63;PENDIENTE;;2,65;10,07
RETAIL;P5 2025 O ;OC 868714-E_RTSM6 X - Bodega B6 Proyecto 000000003049 -> PROY STOCK ESW 2024                                                                                                                                                                                   ;ESSGD2020012;2-C.I. ENERGIA SOLAR S.A.;151261-68;T6;6063;5,3;Clear Anodized class 1;ANODIZADO;PRENSA 7-2;8;112,32;PENDIENTE;;2,649056604;14,04
RETAIL;P5 2025 O ;OC 868714-E_RTSM6 X - Bodega B6 Proyecto 000000003049 -> PROY STOCK ESW 2024                                                                                                                                                                                   ;ESSGD2020013;2-C.I. ENERGIA SOLAR S.A.;151261-29;T6;6063;3,8;Clear Anodized class 1;ANODIZADO;PRENSA 7-2;10;17,3;PENDIENTE;;0,455263158;1,73
RETAIL;P5 2025 O ;OC 868714-E_RTSM6 X - Bodega B6 Proyecto 000000003049 -> PROY STOCK ESW 2024                                                                                                                                                                                   ;ESSGD2020013;2-C.I. ENERGIA SOLAR S.A.;151261-41;T6;6063;5,1;Clear Anodized class 1;ANODIZADO;PRENSA 7-2;24;55,68;PENDIENTE;;0,454901961;2,32
RETAIL;P5 2025 O ;OC 868714-E_RTSM6 X - Bodega B6 Proyecto 000000003049 -> PROY STOCK ESW 2024                                                                                                                                                                                   ;ESSGD2020014;2-C.I. ENERGIA SOLAR S.A.;151261-164;T6;6063;6,2;2604 Bermuda Bronze;PINTURA;PRENSA 7-1;22;235,4;PENDIENTE;;1,725806452;10,7
RETAIL;P5 2025 O ;OC 868714-E_RTSM6 X - Bodega B6 Proyecto 000000003049 -> PROY STOCK ESW 2024                                                                                                                                                                                   ;ESSGD2020015;2-C.I. ENERGIA SOLAR S.A.;151261-246;T6;6063;5,6;2604 Bermuda Bronze;PINTURA;PRENSA 7-3;9;133,38;PENDIENTE;;2,646428571;14,82
RETAIL;P5 2025 O ;OC 868714-E_RTSM6 X - Bodega B6 Proyecto 000000003049 -> PROY STOCK ESW 2024                                                                                                                                                                                   ;ESSGD2020017;2-C.I. ENERGIA SOLAR S.A.;151261-44;T6;6063;5,1;Clear Anodized class 1;ANODIZADO;PRENSA 4;14;14,84;PENDIENTE;;0,207843137;1,06
RETAIL;P5 2025 O ;OC 868714-E_RTSM6 X - Bodega B6 Proyecto 000000003049 -> PROY STOCK ESW 2024                                                                                                                                                                                   ;ESSGD2020023;2-C.I. ENERGIA SOLAR S.A.;151261-115;T5;6005;6,2;2604 Bermuda Bronze;PINTURA;PRENSA 7-2;6;95,1;PENDIENTE;;2,556451613;15,85
RETAIL;P5 2025 O ;OC 868714-E_RTSM6 X - Bodega B6 Proyecto 000000003049 -> PROY STOCK ESW 2024                                                                                                                                                                                   ;ESSGD2020023;2-C.I. ENERGIA SOLAR S.A.;151261-38;T5;6005;4;Black Kynar;PINTURA;PRENSA 7-2;4;40,88;PENDIENTE;;2,555;10,22
RETAIL;P5 2025 O ;OC 868714-E_RTSM6 X - Bodega B6 Proyecto 000000003049 -> PROY STOCK ESW 2024                                                                                                                                                                                   ;ESSGD2020024;2-C.I. ENERGIA SOLAR S.A.;151261-194;T6;6063;5,1;2604 Bone White;PINTURA;PRENSA 7-2;8;43,84;PENDIENTE;;1,074509804;5,48
RETAIL;P5 2025 O ;OC 868714-E_RTSM6 X - Bodega B6 Proyecto 000000003049 -> PROY STOCK ESW 2024                                                                                                                                                                                   ;ESSGD2020024;2-C.I. ENERGIA SOLAR S.A.;151261-198;T6;6063;5,1;2604 Bermuda Bronze;PINTURA;PRENSA 7-2;9;49,32;PENDIENTE;;1,074509804;5,48
RETAIL;P5 2025 O ;OC 868714-E_RTSM6 X - Bodega B6 Proyecto 000000003049 -> PROY STOCK ESW 2024                                                                                                                                                                                   ;ESSGD2020024;2-C.I. ENERGIA SOLAR S.A.;151261-247;T6;6063;5,6;2604 Bermuda Bronze;PINTURA;PRENSA 7-2;15;90,3;PENDIENTE;;1,075;6,02
RETAIL;P5 2025 O ;OC 868714-E_RTSM6 X - Bodega B6 Proyecto 000000003049 -> PROY STOCK ESW 2024                                                                                                                                                                                   ;ESSGD2020024;2-C.I. ENERGIA SOLAR S.A.;151261-260;T6;6063;5,6;2604 Bone White;PINTURA;PRENSA 7-2;7;42,14;PENDIENTE;;1,075;6,02
RETAIL;P5 2025 O ;OC 868714-E_RTSM6 X - Bodega B6 Proyecto 000000003049 -> PROY STOCK ESW 2024                                                                                                                                                                                   ;ESSGD2020025;2-C.I. ENERGIA SOLAR S.A.;151261-248;T6;6063;5,6;2604 Bermuda Bronze;PINTURA;PRENSA 7-2;23;296,7;PENDIENTE;;2,303571429;12,9
RETAIL;P5 2025 O ;OC 868714-E_RTSM6 X - Bodega B6 Proyecto 000000003049 -> PROY STOCK ESW 2024                                                                                                                                                                                   ;ESSGD2020026;2-C.I. ENERGIA SOLAR S.A.;151261-113;T6;6063;6,2;2604 Bermuda Bronze;PINTURA;PRENSA 7-2;5;25,4;PENDIENTE;;0,819354839;5,08
RETAIL;P5 2025 O ;OC 868714-E_RTSM6 X - Bodega B6 Proyecto 000000003049 -> PROY STOCK ESW 2024                                                                                                                                                                                   ;ESSGD2020027;2-C.I. ENERGIA SOLAR S.A.;151261-191;T6;6063;5,1;2604 Bermuda Bronze;PINTURA;PRENSA 7-2;5;50,05;PENDIENTE;;1,962745098;10,01
RETAIL;P5 2025 O ;OC 868714-E_RTSM6 X - Bodega B6 Proyecto 000000003049 -> PROY STOCK ESW 2024                                                                                                                                                                                   ;ESSGD2020027;2-C.I. ENERGIA SOLAR S.A.;151261-222;T6;6063;5,1;2604 Bone White;PINTURA;PRENSA 7-2;4;40,04;PENDIENTE;;1,962745098;10,01
RETAIL;P5 2025 O ;OC 868714-E_RTSM6 X - Bodega B6 Proyecto 000000003049 -> PROY STOCK ESW 2024                                                                                                                                                                                   ;ESSGD2020028;2-C.I. ENERGIA SOLAR S.A.;151261-43;T6;6063;5,1;Duranar Bone White;PINTURA;PRENSA 7-5;4;15,52;PENDIENTE;;0,760784314;3,88
RETAIL;P5 2025 O ;OC 868714-E_RTSM6 X - Bodega B6 Proyecto 000000003049 -> PROY STOCK ESW 2024                                                                                                                                                                                   ;ESSGD2020028;2-C.I. ENERGIA SOLAR S.A.;151261-58;T6;6063;5,1;Duranar Sunstorm Silverstorm;PINTURA;PRENSA 7-5;5;19,4;PENDIENTE;;0,760784314;3,88
RETAIL;P5 2025 O ;OC 868714-E_RTSM6 X - Bodega B6 Proyecto 000000003049 -> PROY STOCK ESW 2024                                                                                                                                                                                   ;ESSGD2020028;2-C.I. ENERGIA SOLAR S.A.;151261-63;T6;6063;5,1;Black Kynar;PINTURA;PRENSA 7-5;7;27,16;PENDIENTE;;0,760784314;3,88
RETAIL;P5 2025 O ;OC 868714-E_RTSM6 X - Bodega B6 Proyecto 000000003049 -> PROY STOCK ESW 2024                                                                                                                                                                                   ;ESSGD2020029;2-C.I. ENERGIA SOLAR S.A.;151261-116;T6;6063;6,2;2604 Bermuda Bronze;PINTURA;PRENSA 7-2;14;179,48;PENDIENTE;;2,067741935;12,82
RETAIL;P5 2025 O ;OC 868714-E_RTSM6 X - Bodega B6 Proyecto 000000003049 -> PROY STOCK ESW 2024                                                                                                                                                                                   ;ESSGD2020029;2-C.I. ENERGIA SOLAR S.A.;151261-20;T6;6063;6,2;Black Kynar;PINTURA;PRENSA 7-2;5;64,1;PENDIENTE;;2,067741935;12,82
RETAIL;P5 2025 O ;OC 868714-E_RTSM6 X - Bodega B6 Proyecto 000000003049 -> PROY STOCK ESW 2024                                                                                                                                                                                   ;ESSGD2020029;2-C.I. ENERGIA SOLAR S.A.;151261-64;T6;6063;5,1;Duranar Bermuda Bronze;PINTURA;PRENSA 7-2;4;42,2;PENDIENTE;;2,068627451;10,55
RETAIL;P5 2025 O ;OC 868714-E_RTSM6 X - Bodega B6 Proyecto 000000003049 -> PROY STOCK ESW 2024                                                                                                                                                                                   ;ESSGD2020030;2-C.I. ENERGIA SOLAR S.A.;151261-117;T6;6063;6,2;2604 Bermuda Bronze;PINTURA;PRENSA 7-1;7;30,24;PENDIENTE;;0,696774194;4,32
RETAIL;P5 2025 O ;OC 868714-E_RTSM6 X - Bodega B6 Proyecto 000000003049 -> PROY STOCK ESW 2024                                                                                                                                                                                   ;ESSGD2020030;2-C.I. ENERGIA SOLAR S.A.;151261-239;T6;6063;5,1;2604 Bermuda Bronze;PINTURA;PRENSA 7-1;16;56,8;PENDIENTE;;0,696078431;3,55
RETAIL;P5 2025 O ;OC 868714-E_RTSM6 X - Bodega B6 Proyecto 000000003049 -> PROY STOCK ESW 2024                                                                                                                                                                                   ;ESSGD2020033;2-C.I. ENERGIA SOLAR S.A.;151261-220;T6;6063;5,1;2604 Bone White;PINTURA;PRENSA 7-2;4;37,48;PENDIENTE;;1,837254902;9,37
RETAIL;P5 2025 O ;OC 868714-E_RTSM6 X - Bodega B6 Proyecto 000000003049 -> PROY STOCK ESW 2024                                                                                                                                                                                   ;ESSGD2020033;2-C.I. ENERGIA SOLAR S.A.;151261-240;T6;6063;5,1;2604 Bermuda Bronze;PINTURA;PRENSA 7-2;7;65,59;PENDIENTE;;1,837254902;9,37
RETAIL;P5 2025 O ;OC 868714-E_RTSM6 X - Bodega B6 Proyecto 000000003049 -> PROY STOCK ESW 2024                                                                                                                                                                                   ;ESSGD2020035;2-C.I. ENERGIA SOLAR S.A.;151261-25;T6;6063;7,4;Clear Anodized class 1;ANODIZADO;PRENSA 9-2;6;173,22;PENDIENTE;;3,901351351;28,87
RETAIL;P5 2025 O ;OC 868714-E_RTSM6 X - Bodega B6 Proyecto 000000003049 -> PROY STOCK ESW 2024                                                                                                                                                                                   ;ESSGD2020041;2-C.I. ENERGIA SOLAR S.A.;151261-135;T6;6063;6,2;2604 Bone White;PINTURA;PRENSA 7-4;11;64,68;PENDIENTE;;0,948387097;5,88
RETAIL;P5 2025 O ;OC 868714-E_RTSM6 X - Bodega B6 Proyecto 000000003049 -> PROY STOCK ESW 2024                                                                                                                                                                                   ;ESSGD2020081;2-C.I. ENERGIA SOLAR S.A.;151261-110;T6;6063;6,2;2604 Bermuda Bronze;PINTURA;PRENSA 7-4;8;117,44;PENDIENTE;;2,367741935;14,68
RETAIL;P5 2025 O ;OC 868714-E_RTSM6 X - Bodega B6 Proyecto 000000003049 -> PROY STOCK ESW 2024                                                                                                                                                                                   ;ESSGD2020081;2-C.I. ENERGIA SOLAR S.A.;151261-284;T6;6063;5,3;2604 Bermuda Bronze;PINTURA;PRENSA 7-4;7;87,85;PENDIENTE;;2,367924528;12,55
RETAIL;P5 2025 O ;OC 868714-E_RTSM6 X - Bodega B6 Proyecto 000000003049 -> PROY STOCK ESW 2024                                                                                                                                                                                   ;ESSGD2020081;2-C.I. ENERGIA SOLAR S.A.;151261-352;T6;6063;3,8;2604 Bone White;PINTURA;PRENSA 7-4;8;71,92;PENDIENTE;;2,365789474;8,99
RETAIL;P5 2025 O ;OC 868714-E_RTSM6 X - Bodega B6 Proyecto 000000003049 -> PROY STOCK ESW 2024                                                                                                                                                                                   ;ESSGD2020088;2-C.I. ENERGIA SOLAR S.A.;151261-112;T6;6063;6,2;2604 Bermuda Bronze;PINTURA;PRENSA 7-5;5;66,9;PENDIENTE;;2,158064516;13,38
RETAIL;P5 2025 O ;OC 868714-E_RTSM6 X - Bodega B6 Proyecto 000000003049 -> PROY STOCK ESW 2024                                                                                                                                                                                   ;ESSGD2020088;2-C.I. ENERGIA SOLAR S.A.;151261-231;T6;6063;5,1;2604 Bermuda Bronze;PINTURA;PRENSA 7-5;4;44,04;PENDIENTE;;2,158823529;11,01
RETAIL;P5 2025 O ;OC 868714-E_RTSM6 X - Bodega B6 Proyecto 000000003049 -> PROY STOCK ESW 2024                                                                                                                                                                                   ;ESSGD2020088;2-C.I. ENERGIA SOLAR S.A.;151261-232;T6;6063;3,6;2604 Bermuda Bronze;PINTURA;PRENSA 7-5;24;186,48;PENDIENTE;;2,158333333;7,77
RETAIL;P5 2025 O ;OC 868714-E_RTSM6 X - Bodega B6 Proyecto 000000003049 -> PROY STOCK ESW 2024                                                                                                                                                                                   ;ESSGD2020088;2-C.I. ENERGIA SOLAR S.A.;151261-362;T6;6063;5,7;2604 Bermuda Bronze;PINTURA;PRENSA 7-5;9;110,7;PENDIENTE;;2,157894737;12,3
RETAIL;P5 2025 O ;OC 868714-E_RTSM6 X - Bodega B6 Proyecto 000000003049 -> PROY STOCK ESW 2024                                                                                                                                                                                   ;ESSGD2020088;2-C.I. ENERGIA SOLAR S.A.;151261-371;T6;6063;6,4;2604 Bermuda Bronze;PINTURA;PRENSA 7-5;11;151,91;PENDIENTE;;2,1578125;13,81
RETAIL;P5 2025 O ;OC 868714-E_RTSM6 X - Bodega B6 Proyecto 000000003049 -> PROY STOCK ESW 2024                                                                                                                                                                                   ;ESSGD2020089;2-C.I. ENERGIA SOLAR S.A.;151261-118;T6;6063;6,2;2604 Bermuda Bronze;PINTURA;PRENSA 7-4;21;264,6;PENDIENTE;;2,032258065;12,6
RETAIL;P5 2025 O ;OC 868714-E_RTSM6 X - Bodega B6 Proyecto 000000003049 -> PROY STOCK ESW 2024                                                                                                                                                                                   ;ESSGD2020089;2-C.I. ENERGIA SOLAR S.A.;151261-158;T6;6063;6,2;2604 Black;PINTURA;PRENSA 7-4;5;63;PENDIENTE;;2,032258065;12,6
RETAIL;P5 2025 O ;OC 868714-E_RTSM6 X - Bodega B6 Proyecto 000000003049 -> PROY STOCK ESW 2024                                                                                                                                                                                   ;ESSGD2020089;2-C.I. ENERGIA SOLAR S.A.;151261-223;T6;6063;5,1;2604 Bone White;PINTURA;PRENSA 7-4;5;51,85;PENDIENTE;;2,033333333;10,37
RETAIL;P5 2025 O ;OC 868714-E_RTSM6 X - Bodega B6 Proyecto 000000003049 -> PROY STOCK ESW 2024                                                                                                                                                                                   ;ESSGD2020089;2-C.I. ENERGIA SOLAR S.A.;151261-278;T6;6063;4,5;2604 Bone White;PINTURA;PRENSA 7-4;5;45,75;PENDIENTE;;2,033333333;9,15
RETAIL;P5 2025 O ;OC 868714-E_RTSM6 X - Bodega B6 Proyecto 000000003049 -> PROY STOCK ESW 2024                                                                                                                                                                                   ;ESSGD2020089;2-C.I. ENERGIA SOLAR S.A.;151261-302;T6;6063;4,5;Duranar Sunstorm Silverstorm;PINTURA;PRENSA 7-4;4;36,6;PENDIENTE;;2,033333333;9,15
RETAIL;P5 2025 O ;OC 868714-E_RTSM6 X - Bodega B6 Proyecto 000000003049 -> PROY STOCK ESW 2024                                                                                                                                                                                   ;ESSGD202010A;2-C.I. ENERGIA SOLAR S.A.;151261-322;T6;6063;6,2;2604 Bermuda Bronze;PINTURA;PRENSA 7-2;24;52,32;PENDIENTE;;0,351612903;2,18
RETAIL;P5 2025 O ;OC 868714-E_RTSM6 X - Bodega B6 Proyecto 000000003049 -> PROY STOCK ESW 2024                                                                                                                                                                                   ;ESSGD202010A;2-C.I. ENERGIA SOLAR S.A.;151261-324;T6;6063;5,1;2604 Bone White;PINTURA;PRENSA 7-2;17;30,6;PENDIENTE;;0,352941176;1,8
RETAIL;P5 2025 O ;OC 868714-E_RTSM6 X - Bodega B6 Proyecto 000000003049 -> PROY STOCK ESW 2024                                                                                                                                                                                   ;ESSGD202010A;2-C.I. ENERGIA SOLAR S.A.;151261-325;T6;6063;6,2;Duranar Arcadia Silver;PINTURA;PRENSA 7-2;6;13,08;PENDIENTE;;0,351612903;2,18
RETAIL;P5 2025 O ;OC 868714-E_RTSM6 X - Bodega B6 Proyecto 000000003049 -> PROY STOCK ESW 2024                                                                                                                                                                                   ;ESSGD202010A;2-C.I. ENERGIA SOLAR S.A.;151261-360;T6;6063;5,7;2604 Bermuda Bronze;PINTURA;PRENSA 7-2;11;22,11;PENDIENTE;;0,352631579;2,01
RETAIL;P5 2025 O ;OC 868714-E_RTSM6 X - Bodega B6 Proyecto 000000003049 -> PROY STOCK ESW 2024                                                                                                                                                                                   ;ESSGD202010A;2-C.I. ENERGIA SOLAR S.A.;151261-370;T6;6063;3,6;2604 Bermuda Bronze;PINTURA;PRENSA 7-2;47;59,69;PENDIENTE;;0,352777778;1,27
RETAIL;P5 2025 O ;OC 868714-E_RTSM6 X - Bodega B6 Proyecto 000000003049 -> PROY STOCK ESW 2024                                                                                                                                                                                   ;ESSGD202021B;2-C.I. ENERGIA SOLAR S.A.;151261-351;T5;6005;3,4;Mill Finish;MILL;PRENSA 9;47;223,72;PENDIENTE;;1,4;4,76
RETAIL;P5 2025 O ;OC 868714-E_RTSM6 X - Bodega B6 Proyecto 000000003049 -> PROY STOCK ESW 2024                                                                                                                                                                                   ;ESSGD202032A;2-C.I. ENERGIA SOLAR S.A.;151261-55;T5;6005;3,5;Mill Finish Alodine;PINTURA;PRENSA 7-4;9;43,83;PENDIENTE;;1,391428571;4,87
RETAIL;P5 2025 O ;OC 868714-E_RTSM6 X - Bodega B6 Proyecto 000000003049 -> PROY STOCK ESW 2024                                                                                                                                                                                   ;ESSGD202032A;2-C.I. ENERGIA SOLAR S.A.;151261-56;T5;6005;6,2;Mill Finish;MILL;PRENSA 7-4;34;293,42;PENDIENTE;;1,391935484;8,63
RETAIL;P5 2025 O ;OC 868714-E_RTSM6 X - Bodega B6 Proyecto 000000003049 -> PROY STOCK ESW 2024                                                                                                                                                                                   ;ESSGD202032A;2-C.I. ENERGIA SOLAR S.A.;151261-61;T5;6005;4,5;Mill Finish Alodine;PINTURA;PRENSA 7-4;17;106,42;PENDIENTE;;1,391111111;6,26
RETAIL;P5 2025 O ;OC 868714-E_RTSM6 X - Bodega B6 Proyecto 000000003049 -> PROY STOCK ESW 2024                                                                                                                                                                                   ;ESSGD202032A;2-C.I. ENERGIA SOLAR S.A.;151261-62;T5;6005;4,5;Mill Finish;MILL;PRENSA 7-4;28;175,28;PENDIENTE;;1,391111111;6,26
RETAIL;P5 2025 O ;OC 868714-E_RTSM6 X - Bodega B6 Proyecto 000000003049 -> PROY STOCK ESW 2024                                                                                                                                                                                   ;ESSGD202032A;2-C.I. ENERGIA SOLAR S.A.;151261-73;T5;6005;5,9;Mill Finish Alodine;PINTURA;PRENSA 7-4;11;90,31;PENDIENTE;;1,391525424;8,21
RETAIL;P5 2025 O ;OC 868714-E_RTSM6 X - Bodega B6 Proyecto 000000003049 -> PROY STOCK ESW 2024                                                                                                                                                                                   ;ESSGD202084A;2-C.I. ENERGIA SOLAR S.A.;151261-226;T5;6005;3,7;2604 Bermuda Bronze;PINTURA;PRENSA 7-5;58;857,82;PENDIENTE;;3,997297297;14,79
RETAIL;P5 2025 O ;OC 868714-E_RTSM6 X - Bodega B6 Proyecto 000000003049 -> PROY STOCK ESW 2024                                                                                                                                                                                   ;ESSGD202084A;2-C.I. ENERGIA SOLAR S.A.;151261-267;T5;6005;3,8;2604 Bermuda Bronze;PINTURA;PRENSA 7-5;8;121,44;PENDIENTE;;3,994736842;15,18
RETAIL;P5 2025 O ;OC 868714-E_RTSM6 X - Bodega B6 Proyecto 000000003049 -> PROY STOCK ESW 2024                                                                                                                                                                                   ;ESSGD202084A;2-C.I. ENERGIA SOLAR S.A.;151261-361;T5;6005;5,7;2604 Bermuda Bronze;PINTURA;PRENSA 7-5;13;296,14;PENDIENTE;;3,996491228;22,78
RETAIL;P5 2025 O ;OC 868714-E_RTSM6 X - Bodega B6 Proyecto 000000003049 -> PROY STOCK ESW 2024                                                                                                                                                                                   ;ESSGD202085A;2-C.I. ENERGIA SOLAR S.A.;151261-111;T5;6005;6,2;2604 Bermuda Bronze;PINTURA;PRENSA 7-5;19;269,23;PENDIENTE;;2,285483871;14,17
RETAIL;P5 2025 O ;OC 868714-E_RTSM6 X - Bodega B6 Proyecto 000000003049 -> PROY STOCK ESW 2024                                                                                                                                                                                   ;ESSGD202085A;2-C.I. ENERGIA SOLAR S.A.;151261-359;T5;6005;5,7;2604 Bermuda Bronze;PINTURA;PRENSA 7-5;12;156,36;PENDIENTE;;2,285964912;13,03
RETAIL;P5 2025 O ;OC 868714-E_RTSM6 X - Bodega B6 Proyecto 000000003049 -> PROY STOCK ESW 2024                                                                                                                                                                                   ;ESSGD202086A;2-C.I. ENERGIA SOLAR S.A.;151261-167;T5;6005;6,2;2604 Bermuda Bronze;PINTURA;PRENSA 7-3;9;214,65;PENDIENTE;;3,846774194;23,85
RETAIL;P5 2025 O ;OC 868714-E_RTSM6 X - Bodega B6 Proyecto 000000003049 -> PROY STOCK ESW 2024                                                                                                                                                                                   ;ESSGD202086A;2-C.I. ENERGIA SOLAR S.A.;151261-233;T5;6005;3,8;2604 Bermuda Bronze;PINTURA;PRENSA 7-3;5;73,05;PENDIENTE;;3,844736842;14,61
RETAIL;P5 2025 O ;OC 868714-E_RTSM6 X - Bodega B6 Proyecto 000000003049 -> PROY STOCK ESW 2024                                                                                                                                                                                   ;ESSGD202086A;2-C.I. ENERGIA SOLAR S.A.;151261-66;T5;6005;5,1;Duranar Bermuda Bronze;PINTURA;PRENSA 7-3;4;78,44;PENDIENTE;;3,845098039;19,61
RETAIL;P5 2025 O ;OC 868714-E_RTSM6 X - Bodega B6 Proyecto 000000003049 -> PROY STOCK ESW 2024                                                                                                                                                                                   ;ESSGD202087A;2-C.I. ENERGIA SOLAR S.A.;151261-119;T5;6005;6,2;2604 Bermuda Bronze;PINTURA;PRENSA 7-2;8;105,92;LIBERADO;;2,135483871;13,24
RETAIL;P5 2025 O ;OC 868714-E_RTSM6 X - Bodega B6 Proyecto 000000003049 -> PROY STOCK ESW 2024                                                                                                                                                                                   ;ESSGD202087A;2-C.I. ENERGIA SOLAR S.A.;151261-168;T5;6005;6,2;2604 Bone White;PINTURA;PRENSA 7-2;4;52,96;LIBERADO;;2,135483871;13,24
RETAIL;P5 2025 O ;OC 868714-E_RTSM6 X - Bodega B6 Proyecto 000000003049 -> PROY STOCK ESW 2024                                                                                                                                                                                   ;ESSGD202087A;2-C.I. ENERGIA SOLAR S.A.;151261-213;T5;6005;5,1;2604 Bermuda Bronze;PINTURA;PRENSA 7-2;9;98,01;LIBERADO;;2,135294118;10,89
RETAIL;P5 2025 O ;OC 868714-E_RTSM6 X - Bodega B6 Proyecto 000000003049 -> PROY STOCK ESW 2024                                                                                                                                                                                   ;ESSGD202087A;2-C.I. ENERGIA SOLAR S.A.;151261-288;T5;6005;5,1;Black Kynar;PINTURA;PRENSA 7-2;10;108,9;LIBERADO;;2,135294118;10,89
RETAIL;P5 2025 O ;OC 868714-E_RTSM6 X - Bodega B6 Proyecto 000000003049 -> PROY STOCK ESW 2024                                                                                                                                                                                   ;ESSGD202087A;2-C.I. ENERGIA SOLAR S.A.;151261-57;T5;6005;6,2;Black Kynar;PINTURA;PRENSA 7-2;5;66,2;LIBERADO;;2,135483871;13,24
RETAIL;P5 2025 O ;OC 868714-E_RTSM6 X - Bodega B6 Proyecto 000000003049 -> PROY STOCK ESW 2024                                                                                                                                                                                   ;ESSGD202087A;2-C.I. ENERGIA SOLAR S.A.;151261-65;T5;6005;5,1;Duranar Bermuda Bronze;PINTURA;PRENSA 7-2;8;87,12;LIBERADO;;2,135294118;10,89
RETAIL;P5 2025 O ;OC 868715-E_IIRTSEM6 X - Bodega B6 Proyecto 000000003049 -> PROY STOCK ESW2024                                                                                                                                                                                 ;ESSGD2020T02;2-C.I. ENERGIA SOLAR S.A.;151254-45;T6;6063;6,2;Duranar Arcadia Silver;PINTURA_ASSE;PRENSA 7-1;8;44,24;PENDIENTE;;0,891935484;5,53
RETAIL;P5 2025 O ;OC 868715-E_IIRTSEM6 X - Bodega B6 Proyecto 000000003049 -> PROY STOCK ESW2024                                                                                                                                                                                 ;ESSGD2020T03;2-C.I. ENERGIA SOLAR S.A.;151254-47;T6;6063;6,2;Duranar Arcadia Silver;PINTURA_ASSE;PRENSA 7-3;8;52,4;PENDIENTE;;1,056451613;6,55
RETAIL;P5 2025 O ;OC 868715-E_IIRTSEM6 X - Bodega B6 Proyecto 000000003049 -> PROY STOCK ESW2024                                                                                                                                                                                 ;ESSGD2020T04;2-C.I. ENERGIA SOLAR S.A.;151254-46;T6;6063;6,2;Duranar Arcadia Silver;PINTURA_ASSE;PRENSA 7-3;8;16,4;PENDIENTE;;0,330645161;2,05
RETAIL;P5 2025 O ;OC 868714-E_RTSM6 X - Bodega B6 Proyecto 000000003049 -> PROY STOCK ESW 2024                                                                                                                                                                                   ;ESSGD2020T05;2-C.I. ENERGIA SOLAR S.A.;151261-313;T5;6063;5,1;Duranar Arcadia Silver;PINTURA;PRENSA 7-1;5;12,1;PENDIENTE;;0,474509804;2,42
RETAIL;P5 2025 O ;OC 868715-E_IIRTSEM6 X - Bodega B6 Proyecto 000000003049 -> PROY STOCK ESW2024                                                                                                                                                                                 ;ESSGD2020T06;2-C.I. ENERGIA SOLAR S.A.;151254-14;T6;6063;6,2;Clear Anodized class 1;ANODIZADO_ASSE;PRENSA 7-3;6;41,4;PENDIENTE;;1,112903226;6,9
RETAIL;P5 2025 O ;OC 868715-E_IIRTSEM6 X - Bodega B6 Proyecto 000000003049 -> PROY STOCK ESW2024                                                                                                                                                                                 ;ESSGD2020T08;2-C.I. ENERGIA SOLAR S.A.;151254-15;T6;6063;6,2;Clear Anodized class 1;ANODIZADO_ASSE;PRENSA 5;6;9,24;PENDIENTE;;0,248387097;1,54
RETAIL;P5 2025 O ;OC 868715-E_IIRTSEM6 X - Bodega B6 Proyecto 000000003049 -> PROY STOCK ESW2024                                                                                                                                                                                 ;ESSGD2020T12;2-C.I. ENERGIA SOLAR S.A.;151254-28;T6;6063;6,2;Duranar Arcadia Silver;PINTURA_ASSE;PRENSA 7-4;6;25,74;PENDIENTE;;0,691935484;4,29
RETAIL;P5 2025 O ;OC 868715-E_IIRTSEM6 X - Bodega B6 Proyecto 000000003049 -> PROY STOCK ESW2024                                                                                                                                                                                 ;ESSGD2020T13;2-C.I. ENERGIA SOLAR S.A.;151254-29;T6;6063;6,2;Duranar Arcadia Silver;PINTURA_ASSE;PRENSA 7-5;6;29,88;PENDIENTE;;0,803225806;4,98
RETAIL;P5 2025 O ;OC 868715-E_IIRTSEM6 X - Bodega B6 Proyecto 000000003049 -> PROY STOCK ESW2024                                                                                                                                                                                 ;ESSGD2020T14;2-C.I. ENERGIA SOLAR S.A.;151254-30;T6;6063;6,2;Duranar Arcadia Silver;PINTURA_ASSE;PRENSA 7-4;6;25,92;PENDIENTE;;0,696774194;4,32
RETAIL;P5 2025 O ;OC 868715-E_IIRTSEM6 X - Bodega B6 Proyecto 000000003049 -> PROY STOCK ESW2024                                                                                                                                                                                 ;ESSGD2020T15;2-C.I. ENERGIA SOLAR S.A.;151254-31;T6;6063;6,2;Duranar Arcadia Silver;PINTURA_ASSE;PRENSA 5;6;12,6;PENDIENTE;;0,338709677;2,1
RETAIL;P5 2025 O ;OC 868714-E_RTSM6 X - Bodega B6 Proyecto 000000003049 -> PROY STOCK ESW 2024                                                                                                                                                                                   ;ESSGD2020T16;2-C.I. ENERGIA SOLAR S.A.;151261-314;T5;6063;5,1;Duranar Arcadia Silver;PINTURA;PRENSA 7-1;7;17,29;PENDIENTE;;0,484313725;2,47
RETAIL;P5 2025 O ;OC 868715-E_IIRTSEM6 X - Bodega B6 Proyecto 000000003049 -> PROY STOCK ESW2024                                                                                                                                                                                 ;ESSGD2020T18;2-C.I. ENERGIA SOLAR S.A.;151254-18;T6;6063;6,2;Duranar Arcadia Silver;PINTURA_ASSE;PRENSA 7-2;7;52,01;PENDIENTE;;1,198387097;7,43
RETAIL;P5 2025 O ;OC 868715-E_IIRTSEM6 X - Bodega B6 Proyecto 000000003049 -> PROY STOCK ESW2024                                                                                                                                                                                 ;ESSGD2020T18;2-C.I. ENERGIA SOLAR S.A.;151254-19;T6;6063;6,2;Duranar Arcadia Silver;PINTURA_ASSE;PRENSA 7-2;7;52,01;PENDIENTE;;1,198387097;7,43
RETAIL;P5 2025 O ;OC 868715-E_IIRTSEM6 X - Bodega B6 Proyecto 000000003049 -> PROY STOCK ESW2024                                                                                                                                                                                 ;ESSGD2020T20;2-C.I. ENERGIA SOLAR S.A.;151254-33;T6;6063;6,2;Duranar Arcadia Silver;PINTURA_ASSE;PRENSA 7-4;7;56,91;PENDIENTE;;1,311290323;8,13
RETAIL;P5 2025 O ;OC 868715-E_IIRTSEM6 X - Bodega B6 Proyecto 000000003049 -> PROY STOCK ESW2024                                                                                                                                                                                 ;ESSGD2020T20;2-C.I. ENERGIA SOLAR S.A.;151254-34;T6;6063;6,2;Duranar Arcadia Silver;PINTURA_ASSE;PRENSA 7-4;7;56,91;PENDIENTE;;1,311290323;8,13
RETAIL;P5 2025 O ;OC 868713-EII-PD-PGD-P5 X - Bodega B6 Proyecto 000000003049 -> PROY STOCK ESW 2024                                                                                                                                                                             ;ESSGD2020T21;2-C.I. ENERGIA SOLAR S.A.;151265-16;T5;6005;6,2;Duranar Bone White;PINTURA_ASSE;PRENSA 7-4;16;62,56;PENDIENTE;;0,630645161;3,91
RETAIL;P5 2025 O ;OC 868715-E_IIRTSEM6 X - Bodega B6 Proyecto 000000003049 -> PROY STOCK ESW2024                                                                                                                                                                                 ;ESSGD2020T21;2-C.I. ENERGIA SOLAR S.A.;151254-24;T5;6005;6,2;Duranar Arcadia Silver;PINTURA_ASSE;PRENSA 7-4;6;23,46;PENDIENTE;;0,630645161;3,91
RETAIL;P5 2025 O ;OC 868714-E_RTSM6 X - Bodega B6 Proyecto 000000003049 -> PROY STOCK ESW 2024                                                                                                                                                                                   ;ESSGD2020T27;2-C.I. ENERGIA SOLAR S.A.;151261-315;T5;6063;5,1;Duranar Arcadia Silver;PINTURA;PRENSA 5;6;8,28;PENDIENTE;;0,270588235;1,38
RETAIL;P5 2025 O ;OC 868715-E_IIRTSEM6 X - Bodega B6 Proyecto 000000003049 -> PROY STOCK ESW2024                                                                                                                                                                                 ;ESSGD2020T28;2-C.I. ENERGIA SOLAR S.A.;151254-38;T5;6005;6,2;Duranar Arcadia Silver;PINTURA_ASSE;PRENSA 7-4;6;89,94;PENDIENTE;;2,417741935;14,99
RETAIL;P5 2025 O ;OC 868714-E_RTSM6 X - Bodega B6 Proyecto 000000003049 -> PROY STOCK ESW 2024                                                                                                                                                                                   ;ESSGD2020T29;2-C.I. ENERGIA SOLAR S.A.;151261-323;T5;6063;5,1;Duranar Arcadia Silver;PINTURA;PRENSA 7-2;6;14,58;PENDIENTE;;0,476470588;2,43
RETAIL;P5 2025 O ;OC 868715-E_IIRTSEM6 X - Bodega B6 Proyecto 000000003049 -> PROY STOCK ESW2024                                                                                                                                                                                 ;ESSGD2020T30;2-C.I. ENERGIA SOLAR S.A.;151254-41;T5;6005;6,2;Duranar Arcadia Silver;PINTURA_ASSE;PRENSA 7-5;4;15,52;PENDIENTE;;0,625806452;3,88
RETAIL;P5 2025 O ;OC 868715-E_IIRTSEM6 X - Bodega B6 Proyecto 000000003049 -> PROY STOCK ESW2024                                                                                                                                                                                 ;ESSGD2020T31;2-C.I. ENERGIA SOLAR S.A.;151254-42;T5;6005;6,2;Duranar Arcadia Silver;PINTURA_ASSE;PRENSA 7-4;4;48,72;PENDIENTE;;1,964516129;12,18
RETAIL;P5 2025 O ;OC 868715-E_IIRTSEM6 X - Bodega B2 Proyecto 000000003049 -> PROY STOCK ESW 2024                                                                                                                                                                                ;ES-SW340-008;2-C.I. ENERGIA SOLAR S.A.;151252-7;T6;6063;6,2;Duranar Bone White;PINTURA_ASSE;PRENSA 7-3;4;16,24;PENDIENTE;;0,65483871;4,06
RETAIL;P5 2025 O ;OC 868715-E_IIRTSEM6 X - Bodega B2 Proyecto 000000003049 -> PROY STOCK ESW 2024                                                                                                                                                                                ;ES-SW340-009;2-C.I. ENERGIA SOLAR S.A.;151252-6;T6;6063;6,2;Duranar Bone White;PINTURA_ASSE;PRENSA 7-3;4;15,08;PENDIENTE;;0,608064516;3,77
RETAIL;P5 2025 O ;OC 868715-E_IIRTSEM6 X - Bodega B2 Proyecto 000000003049 -> PROY STOCK ESW 2024                                                                                                                                                                                ;ES-SW340-012;2-C.I. ENERGIA SOLAR S.A.;151252-5;T6;6063;6,2;Duranar Bermuda Bronze;PINTURA_ASSE;PRENSA 7-4;4;9,56;PENDIENTE;;0,385483871;2,39
NACIONAL;P5 2025 O ;OC 868717-E_PROY_S7_P5 X - Bodega B2 Proyecto 000000003237 -> BELLA LUNA-CARTEGENA                                                                                                                                                                             ;ES-T-333    ;2-C.I. ENERGIA SOLAR S.A.;151274-13;T6;6063;5,1;Polycron LG Bronze;PINTURA;PRENSA 7-4;3;19,56;PENDIENTE;;1,278431373;6,52
RETAIL;P5 2025 O ;(en blanco);ES-T-338    ;2-C.I. ENERGIA SOLAR S.A.;151251-109;T6;6063;5,1;2604 Bermuda Bronze;PINTURA;PRENSA 9-2;5;55,85;PENDIENTE;;2,190196078;11,17
RETAIL;P5 2025 O ;(en blanco);ES-T-338    ;2-C.I. ENERGIA SOLAR S.A.;151251-119;T6;6063;5,1;2604 Bone White;PINTURA;PRENSA 9-2;5;55,85;PENDIENTE;;2,190196078;11,17
RETAIL;P5 2025 O ;(en blanco);ES-T-338    ;2-C.I. ENERGIA SOLAR S.A.;151251-124;T6;6063;5,1;2604 Arcadia Silver;PINTURA;PRENSA 9-2;9;100,53;PENDIENTE;;2,190196078;11,17
RETAIL;P5 2025 O ;(en blanco);ES-T-338    ;2-C.I. ENERGIA SOLAR S.A.;151251-44;T6;6063;6,2;2604 Bermuda Bronze;PINTURA;PRENSA 9-2;12;162,96;PENDIENTE;;2,190322581;13,58
RETAIL;P5 2025 O ;(en blanco);ES-T-338    ;2-C.I. ENERGIA SOLAR S.A.;151251-66;T6;6063;6,2;2604 Bone White;PINTURA;PRENSA 9-2;18;244,44;PENDIENTE;;2,190322581;13,58
NACIONAL;P5 2025 O ;OC 868717-E_PROY_S7_P5 X - Bodega B3 Proyecto 000000003188 -> COOPIDROGAS BARRANQUILLA                                                                                                                                                                         ;ES-U400D-016;2-C.I. ENERGIA SOLAR S.A.;151281-5;T6;6063;6,2;Clear Anodized class 1;ANODIZADO;PRENSA 7-4;3;16,8;PENDIENTE;;0,903225806;5,6
NACIONAL;P5 2025 O ;OC 868717-E_PROY_S7_P5 X - Bodega B3 Proyecto 000000003188 -> COOPIDROGAS BARRANQUILLA                                                                                                                                                                         ;ES-U400D-017;2-C.I. ENERGIA SOLAR S.A.;151281-11;T5;6063;6,2;Clear Anodized class 1;ANODIZADO;PRENSA 7-4;4;3,44;PENDIENTE;;0,138709677;0,86
CW;P5 2025 O ;OC 868683-E 100 BUILDING A X - Bodega B3 Proyecto 000000003062 -> PROY MENORES Y REPO CW 2024 100 VA Stool trim lvl 12-14                                                                                                                                      ;ESUN8030-233;2-C.I. ENERGIA SOLAR S.A.;151171-2;T5;6063;4,5;Duracron S600 Charcoal Gray;PINTURA;PRENSA 7-2;106;758,96;LIBERADO;;1,591111111;7,16
GMP;P5 2025 O ;OC 868688-E-ENTOURAGE-3-3A-4-5 X - Bodega B3 Proyecto 000000003225 -> ENTOURAGE IN THE SUN-MIAMI                                                                                                                                                               ;ESWW1032-004;2-C.I. ENERGIA SOLAR S.A.;151197-14;T5;6005;6,2;2604 Bone White;PINTURA;PRENSA 9;14;701,4;LIBERADO;;8,080645161;50,1
GMP;P5 2025 O ;OC 868685-E ADDP5 X - Bodega B3 Proyecto 000000002998 -> UH MANOA GREYSTAR -Mililani, HI                                                                                                                                                                       ;ES-WW38-010A;2-C.I. ENERGIA SOLAR S.A.;151187-2;T6;6063;5,1;D.GREEN;PINTURA;PRENSA 7-5;10;57,8;PENDIENTE;;1,133333333;5,78
GMP;P5 2025 O ;OC 868685-E ADDP5 X - Bodega B3 Proyecto 000000002998 -> UH MANOA GREYSTAR -Mililani, HI                                                                                                                                                                       ;ES-WW38-010A;2-C.I. ENERGIA SOLAR S.A.;151187-3;T6;6063;6,2;D.GREEN;PINTURA;PRENSA 7-5;9;63,27;PENDIENTE;;1,133870968;7,03
NACIONAL;P5 2025 O ;OC 868717-E_PROY_S7_P5 X - Bodega B2 Proyecto 000000003237 -> BELLA LUNA-CARTEGENA                                                                                                                                                                             ;ISC-200-004 ;2-C.I. ENERGIA SOLAR S.A.;151274-5;T6;6063;6,2;Polycron LG Bronze;PINTURA;PRENSA 7-3;3;4,59;PENDIENTE;;0,246774194;1,53
NACIONAL;P5 2025 O ;OC 868717-E_PROY_S7_P5 X - Bodega B2 Proyecto 000000003186 -> Ed. Santa Marina Etapa 2-Santa marta                                                                                                                                                             ;ISC-200-005 ;2-C.I. ENERGIA SOLAR S.A.;151270-2;T6;6063;6,2;Clear Anodized class 1;ANODIZADO;PRENSA 4;6;11,16;PENDIENTE;;0,3;1,86
NACIONAL;P5 2025 O ;OC 868717-E_PROY_S7_P5 X - Bodega B2 Proyecto 000000003187 -> RIVIERA PLAZA ETAPA 2-SANTA MARTA                                                                                                                                                                ;ISC-200-005 ;2-C.I. ENERGIA SOLAR S.A.;151271-2;T6;6063;6,2;Clear Anodized class 1;ANODIZADO;PRENSA 4;6;11,16;PENDIENTE;;0,3;1,86
NACIONAL;P5 2025 O ;OC 868717-E_PROY_S7_P5 X - Bodega B2 Proyecto 000000003237 -> BELLA LUNA-CARTEGENA                                                                                                                                                                             ;ISC-200-005 ;2-C.I. ENERGIA SOLAR S.A.;151274-6;T6;6063;6,2;Polycron LG Bronze;PINTURA;PRENSA 4;5;9,3;PENDIENTE;;0,3;1,86
NACIONAL;P5 2025 O ;OC 868717-E_PROY_S7_P5 X - Bodega B2 Proyecto 000000003237 -> BELLA LUNA-CARTEGENA                                                                                                                                                                             ;ISC-200-101 ;2-C.I. ENERGIA SOLAR S.A.;151274-7;T6;6063;5,1;Polycron LG Bronze;PINTURA;PRENSA 7-3;3;5,85;PENDIENTE;;0,382352941;1,95
NACIONAL;P5 2025 O ;OC 868717-E_PROY_S7_P5 X - Bodega B2 Proyecto 000000002735 -> SIENA-BOGOTA                                                                                                                                                                                     ;ISC-200-102 ;2-C.I. ENERGIA SOLAR S.A.;151266-1;T6;6063;6,2;Clear Anodized class 1;ANODIZADO;PRENSA 4;8;16;PENDIENTE;;0,322580645;2
NACIONAL;P5 2025 O ;OC 868717-E_PROY_S7_P5 X - Bodega B2 Proyecto 000000003186 -> Ed. Santa Marina Etapa 2-Santa marta                                                                                                                                                             ;ISC-200-102 ;2-C.I. ENERGIA SOLAR S.A.;151270-1;T6;6063;6,2;Clear Anodized class 1;ANODIZADO;PRENSA 4;12;24;PENDIENTE;;0,322580645;2
NACIONAL;P5 2025 O ;OC 868717-E_PROY_S7_P5 X - Bodega B2 Proyecto 000000003187 -> RIVIERA PLAZA ETAPA 2-SANTA MARTA                                                                                                                                                                ;ISC-200-102 ;2-C.I. ENERGIA SOLAR S.A.;151271-1;T6;6063;6,2;Clear Anodized class 1;ANODIZADO;PRENSA 4;3;6;PENDIENTE;;0,322580645;2
NACIONAL;P5 2025 O ;OC 868717-E_PROY_S7_P5 X - Bodega B2 Proyecto 000000002735 -> SIENA-BOGOTA                                                                                                                                                                                     ;ISC-200-104 ;2-C.I. ENERGIA SOLAR S.A.;151266-3;T6;6063;5,1;Clear Anodized class 1;ANODIZADO;PRENSA 5;3;2,82;PENDIENTE;;0,184313725;0,94
NACIONAL;P5 2025 O ;OC 868717-E_PROY_S7_P5 X - Bodega B2 Proyecto 000000003228 -> POZO GRANDE ETAPA 2-SANTA MARTA                                                                                                                                                                  ;ISC-200-104 ;2-C.I. ENERGIA SOLAR S.A.;151272-1;T6;6063;5,1;Clear Anodized class 1;ANODIZADO;PRENSA 5;4;3,76;PENDIENTE;;0,184313725;0,94
NACIONAL;P5 2025 O ;OC 868717-E_PROY_S7_P5 X - Bodega B2 Proyecto 000000003231 -> VIVE RIO BARRANQUILLA                                                                                                                                                                            ;ISC-250-001A;2-C.I. ENERGIA SOLAR S.A.;151273-1;T6;6063;5,1;Polycron LG Bronze;PINTURA;PRENSA 4;3;9,57;PENDIENTE;;0,625490196;3,19
NACIONAL;P5 2025 O ;OC 868717-E_PROY_S7_P5 X - Bodega B2 Proyecto 000000003237 -> BELLA LUNA-CARTEGENA                                                                                                                                                                             ;ISC-250-001A;2-C.I. ENERGIA SOLAR S.A.;151274-10;T6;6063;6,2;Polycron LG Bronze;PINTURA;PRENSA 4;8;31,04;PENDIENTE;;0,625806452;3,88
NACIONAL;P5 2025 O ;OC 868717-E_PROY_S7_P5 X - Bodega B2 Proyecto 000000003237 -> BELLA LUNA-CARTEGENA                                                                                                                                                                             ;ISC-250-001A;2-C.I. ENERGIA SOLAR S.A.;151274-17;T6;6063;5,1;Polycron LG Bronze;PINTURA;PRENSA 4;5;15,95;PENDIENTE;;0,625490196;3,19
NACIONAL;P5 2025 O ;OC 868717-E_PROY_S7_P5 X - Bodega B2 Proyecto 000000003041 -> PROY MENORES COLOMBIA 2024                                                                                                                                                                       ;ISC-250-002 ;2-C.I. ENERGIA SOLAR S.A.;151267-2;T6;6063;5,1;Clear Anodized class 1;ANODIZADO;PRENSA 7-3;3;7,83;PENDIENTE;;0,511764706;2,61
NACIONAL;P5 2025 O ;OC 868717-E_PROY_S7_P5 X - Bodega B2 Proyecto 000000003165 -> SALVADOr BAHIA ETAPA 1-CARTAGENA                                                                                                                                                                 ;ISC-250-002 ;2-C.I. ENERGIA SOLAR S.A.;151269-1;T6;6063;5,4;Clear Anodized class 1;ANODIZADO;PRENSA 7-3;5;13,8;PENDIENTE;;0,511111111;2,76
NACIONAL;P5 2025 O ;OC 868717-E_PROY_S7_P5 X - Bodega B2 Proyecto 000000003186 -> Ed. Santa Marina Etapa 2-Santa marta                                                                                                                                                             ;ISC-250-002 ;2-C.I. ENERGIA SOLAR S.A.;151270-3;T6;6063;5,1;Clear Anodized class 1;ANODIZADO;PRENSA 7-3;4;10,44;PENDIENTE;;0,511764706;2,61
NACIONAL;P5 2025 O ;OC 868717-E_PROY_S7_P5 X - Bodega B2 Proyecto 000000003237 -> BELLA LUNA-CARTEGENA                                                                                                                                                                             ;ISC-250-002 ;2-C.I. ENERGIA SOLAR S.A.;151274-3;T6;6063;6,2;Polycron LG Bronze;PINTURA;PRENSA 7-3;9;28,53;PENDIENTE;;0,511290323;3,17
NACIONAL;P5 2025 O ;OC 868717-E_PROY_S7_P5 X - Bodega B2 Proyecto 000000002735 -> SIENA-BOGOTA                                                                                                                                                                                     ;ISC-250-003 ;2-C.I. ENERGIA SOLAR S.A.;151266-2;T6;6063;5,1;Clear Anodized class 1;ANODIZADO;PRENSA 7-3;4;10,92;PENDIENTE;;0,535294118;2,73
NACIONAL;P5 2025 O ;OC 868717-E_PROY_S7_P5 X - Bodega B2 Proyecto 000000003237 -> BELLA LUNA-CARTEGENA                                                                                                                                                                             ;ISC-250-003 ;2-C.I. ENERGIA SOLAR S.A.;151274-16;T6;6063;6,2;Polycron LG Bronze;PINTURA;PRENSA 7-3;15;49,8;PENDIENTE;;0,535483871;3,32
NACIONAL;P5 2025 O ;OC 868717-E_PROY_S7_P5 X - Bodega B2 Proyecto 000000003042 -> OBSEQUIOS/CORTESIA ES 2024                                                                                                                                                                       ;ISC-250-005 ;2-C.I. ENERGIA SOLAR S.A.;151268-1;T6;6063;6,2;Polycron Blanco E.S.P.;PINTURA;PRENSA 4;3;10,35;PENDIENTE;;0,556451613;3,45
NACIONAL;P5 2025 O ;OC 868717-E_PROY_S7_P5 X - Bodega B2 Proyecto 000000003237 -> BELLA LUNA-CARTEGENA                                                                                                                                                                             ;ISC-250-005 ;2-C.I. ENERGIA SOLAR S.A.;151274-4;T6;6063;6,2;Polycron LG Bronze;PINTURA;PRENSA 4;5;17,25;PENDIENTE;;0,556451613;3,45
NACIONAL;P5 2025 O ;OC 868717-E_PROY_S7_P5 X - Bodega B2 Proyecto 000000003041 -> PROY MENORES COLOMBIA 2024                                                                                                                                                                       ;ISC-250-006 ;2-C.I. ENERGIA SOLAR S.A.;151267-1;T6;6063;6,2;Clear Anodized class 1;ANODIZADO;PRENSA 5;3;9,09;PENDIENTE;;0,488709677;3,03
NACIONAL;P5 2025 O ;OC 868717-E_PROY_S7_P5 X - Bodega B2 Proyecto 000000003187 -> RIVIERA PLAZA ETAPA 2-SANTA MARTA                                                                                                                                                                ;ISC-250-006 ;2-C.I. ENERGIA SOLAR S.A.;151271-3;T6;6063;6,2;Clear Anodized class 1;ANODIZADO;PRENSA 5;6;18,18;PENDIENTE;;0,488709677;3,03
NACIONAL;P5 2025 O ;OC 868717-E_PROY_S7_P5 X - Bodega B2 Proyecto 000000003041 -> PROY MENORES COLOMBIA 2024                                                                                                                                                                       ;ISC-250-018 ;2-C.I. ENERGIA SOLAR S.A.;151267-3;T6;6063;5,1;Polycron Blanco E.S.P.;PINTURA;PRENSA 4;6;14,16;PENDIENTE;;0,462745098;2,36
NACIONAL;P5 2025 O ;OC 868717-E_PROY_S7_P5 X - Bodega B2 Proyecto 000000003042 -> OBSEQUIOS/CORTESIA ES 2024                                                                                                                                                                       ;ISC-250-018 ;2-C.I. ENERGIA SOLAR S.A.;151268-2;T6;6063;6,2;Polycron Blanco E.S.P.;PINTURA;PRENSA 4;4;11,44;PENDIENTE;;0,461290323;2,86
NACIONAL;P5 2025 O ;OC 868717-E_PROY_S7_P5 X - Bodega B2 Proyecto 000000003237 -> BELLA LUNA-CARTEGENA                                                                                                                                                                             ;ISC-250-018 ;2-C.I. ENERGIA SOLAR S.A.;151274-18;T6;6063;6,2;Polycron LG Bronze;PINTURA;PRENSA 4;7;20,02;PENDIENTE;;0,461290323;2,86
NACIONAL;P5 2025 O ;OC 868717-E_PROY_S7_P5 X - Bodega B2 Proyecto 000000003237 -> BELLA LUNA-CARTEGENA                                                                                                                                                                             ;ISF-200-001 ;2-C.I. ENERGIA SOLAR S.A.;151274-2;T6;6063;6,2;Polycron LG Bronze;PINTURA;PRENSA 4;7;20,02;PENDIENTE;;0,461290323;2,86
NACIONAL;P5 2025 O ;OC 868717-E_PROY_S7_P5 X - Bodega B2 Proyecto 000000002735 -> SIENA-BOGOTA                                                                                                                                                                                     ;ISF-200-003 ;2-C.I. ENERGIA SOLAR S.A.;151266-4;T6;6063;5,1;Clear Anodized class 1;ANODIZADO;PRENSA 5;3;9,99;PENDIENTE;;0,652941176;3,33
NACIONAL;P5 2025 O ;OC 868717-E_PROY_S7_P5 X - Bodega B2 Proyecto 000000003237 -> BELLA LUNA-CARTEGENA                                                                                                                                                                             ;ISF-200-003 ;2-C.I. ENERGIA SOLAR S.A.;151274-11;T6;6063;6,2;Polycron LG Bronze;PINTURA;PRENSA 5;3;12,15;PENDIENTE;;0,653225806;4,05
NACIONAL;P5 2025 O ;OC 868717-E_PROY_S7_P5 X - Bodega B2 Proyecto 000000003237 -> BELLA LUNA-CARTEGENA                                                                                                                                                                             ;ISF-200-005 ;2-C.I. ENERGIA SOLAR S.A.;151274-20;T6;6063;5,1;Polycron LG Bronze;PINTURA;PRENSA 5;5;12;PENDIENTE;;0,470588235;2,4
NACIONAL;P5 2025 O ;OC 868717-E_PROY_S7_P5 X - Bodega B2 Proyecto 000000003237 -> BELLA LUNA-CARTEGENA                                                                                                                                                                             ;ISF-200-006 ;2-C.I. ENERGIA SOLAR S.A.;151274-8;T6;6063;6,2;Polycron LG Bronze;PINTURA;PRENSA 4;9;6,03;PENDIENTE;;0,108064516;0,67
NACIONAL;P5 2025 O ;OC 868717-E_PROY_S7_P5 X - Bodega B2 Proyecto 000000003237 -> BELLA LUNA-CARTEGENA                                                                                                                                                                             ;ISF-200-007 ;2-C.I. ENERGIA SOLAR S.A.;151274-12;T6;6063;6,2;Polycron LG Bronze;PINTURA;PRENSA 4;3;3,45;PENDIENTE;;0,185483871;1,15
NACIONAL;P5 2025 O ;OC 868717-E_PROY_S7_P5 X - Bodega B2 Proyecto 000000003237 -> BELLA LUNA-CARTEGENA                                                                                                                                                                             ;ISF-200-008 ;2-C.I. ENERGIA SOLAR S.A.;151274-9;T6;6063;6,2;Polycron LG Bronze;PINTURA;PRENSA 4;7;6,44;PENDIENTE;;0,148387097;0,92
NACIONAL;P5 2025 O ;OC 868717-E_PROY_S7_P5 X - Bodega B2 Proyecto 000000003237 -> BELLA LUNA-CARTEGENA                                                                                                                                                                             ;ISF-200-010 ;2-C.I. ENERGIA SOLAR S.A.;151274-15;T5;6063;6,2;Polycron LG Bronze;PINTURA;PRENSA 4;7;23,31;PENDIENTE;;0,537096774;3,33
NACIONAL;P5 2025 O ;OC 868717-E_PROY_S7_P5 X - Bodega B2 Proyecto 000000003237 -> BELLA LUNA-CARTEGENA                                                                                                                                                                             ;ISF-200-011 ;2-C.I. ENERGIA SOLAR S.A.;151274-14;T5;6063;6,2;Polycron LG Bronze;PINTURA;PRENSA 4;4;17,84;PENDIENTE;;0,719354839;4,46
NACIONAL;P5 2025 O ;OC 868717-E_PROY_S7_P5 X - Bodega B2 Proyecto 000000003237 -> BELLA LUNA-CARTEGENA                                                                                                                                                                             ;ISP-200-001A;2-C.I. ENERGIA SOLAR S.A.;151274-19;T6;6063;5,1;Polycron LG Bronze;PINTURA;PRENSA 4;6;18,12;PENDIENTE;;0,592156863;3,02
NACIONAL;P5 2025 O ;OC 868717-E_PROY_S7_P5 X - Bodega B6 Proyecto 000000003237 -> BELLA LUNA-CARTEGENA                                                                                                                                                                             ;NC-300-001  ;2-C.I. ENERGIA SOLAR S.A.;151288-1;T6;6063;5,1;Polycron LG Bronze;PINTURA;PRENSA 4;3;12,75;PENDIENTE;;0,833333333;4,25
NACIONAL;P5 2025 O ;OC 868717-E_PROY_S7_P5 X - Bodega B6 Proyecto 000000003237 -> BELLA LUNA-CARTEGENA                                                                                                                                                                             ;NC-300-003  ;2-C.I. ENERGIA SOLAR S.A.;151288-10;T6;6063;6,2;Polycron LG Bronze;PINTURA;PRENSA 5;8;34;PENDIENTE;;0,685483871;4,25
NACIONAL;P5 2025 O ;OC 868717-E_PROY_S7_P5 X - Bodega B6 Proyecto 000000003237 -> BELLA LUNA-CARTEGENA                                                                                                                                                                             ;NC-300-003  ;2-C.I. ENERGIA SOLAR S.A.;151288-2;T6;6063;5,1;Polycron LG Bronze;PINTURA;PRENSA 5;4;13,96;PENDIENTE;;0,684313725;3,49
NACIONAL;P5 2025 O ;SALVADORnBAHIA ETAPA 1-CARTAGENA                                                                                                                                                                                                                               ;NC-300-005  ;2-C.I. ENERGIA SOLAR S.A.;151287-1;T6;6063;6,2;Clear Anodized class 1;ANODIZADO;PRENSA 7-1;4;16,36;PENDIENTE;;0,659677419;4,09
NACIONAL;P5 2025 O ;OC 868717-E_PROY_S7_P5 X - Bodega B6 Proyecto 000000003237 -> BELLA LUNA-CARTEGENA                                                                                                                                                                             ;NC-300-006  ;2-C.I. ENERGIA SOLAR S.A.;151288-8;T6;6063;6,2;Polycron LG Bronze;PINTURA;PRENSA 4;4;18,24;PENDIENTE;;0,735483871;4,56
NACIONAL;P5 2025 O ;OC 868717-E_PROY_S7_P5 X - Bodega B6 Proyecto 000000003165 -> SALVADORnBAHIA ETAPA 1-CARTAGENA                                                                                                                                                                 ;NC-300-007  ;2-C.I. ENERGIA SOLAR S.A.;151286-1;T6;6063;4,5;Clear Anodized class 1;ANODIZADO;PRENSA 4;3;9,45;PENDIENTE;;0,7;3,15
NACIONAL;P5 2025 O ;OC 868717-E_PROY_S7_P5 X - Bodega B6 Proyecto 000000003237 -> BELLA LUNA-CARTEGENA                                                                                                                                                                             ;NC-300-008  ;2-C.I. ENERGIA SOLAR S.A.;151288-9;T6;6063;6,2;Polycron LG Bronze;PINTURA;PRENSA 7-5;21;131,46;PENDIENTE;;1,009677419;6,26
NACIONAL;P5 2025 O ;OC 868717-E_PROY_S7_P5 X - Bodega B6 Proyecto 000000003237 -> BELLA LUNA-CARTEGENA                                                                                                                                                                             ;NC-300-011  ;2-C.I. ENERGIA SOLAR S.A.;151288-14;T6;6063;5,1;Polycron LG Bronze;PINTURA;PRENSA 7-3;4;34,72;PENDIENTE;;1,701960784;8,68
NACIONAL;P5 2025 O ;OC 868717-E_PROY_S7_P5 X - Bodega B6 Proyecto 000000003042 -> OBSEQUIOS/CORTESIA ES 2024                                                                                                                                                                       ;NC-300-012  ;2-C.I. ENERGIA SOLAR S.A.;151285-1;T6;6063;5,1;Polycron Blanco E.S.P.;PINTURA;PRENSA 4;3;3,45;PENDIENTE;;0,225490196;1,15
NACIONAL;P5 2025 O ;OC 868717-E_PROY_S7_P5 X - Bodega B6 Proyecto 000000003237 -> BELLA LUNA-CARTEGENA                                                                                                                                                                             ;NC-300-012  ;2-C.I. ENERGIA SOLAR S.A.;151288-11;T6;6063;6,2;Polycron LG Bronze;PINTURA;PRENSA 4;10;14;PENDIENTE;;0,225806452;1,4
NACIONAL;P5 2025 O ;OC 868717-E_PROY_S7_P5 X - Bodega B6 Proyecto 000000003237 -> BELLA LUNA-CARTEGENA                                                                                                                                                                             ;NC-300-012  ;2-C.I. ENERGIA SOLAR S.A.;151288-15;T6;6063;5,1;Polycron LG Bronze;PINTURA;PRENSA 4;9;10,35;PENDIENTE;;0,225490196;1,15
NACIONAL;P5 2025 O ;SALVADORnBAHIA ETAPA 1-CARTAGENA                                                                                                                                                                                                                               ;NC-300-013  ;2-C.I. ENERGIA SOLAR S.A.;151287-2;T6;6063;5,1;Clear Anodized class 1;ANODIZADO;PRENSA 4;11;13,2;PENDIENTE;;0,235294118;1,2
NACIONAL;P5 2025 O ;OC 868717-E_PROY_S7_P5 X - Bodega B6 Proyecto 000000003237 -> BELLA LUNA-CARTEGENA                                                                                                                                                                             ;NC-300-015A ;2-C.I. ENERGIA SOLAR S.A.;151288-13;T6;6063;6,2;Polycron LG Bronze;PINTURA;PRENSA 7-2;9;98,91;PENDIENTE;;1,772580645;10,99
NACIONAL;P5 2025 O ;SALVADORnBAHIA ETAPA 1-CARTAGENA                                                                                                                                                                                                                               ;NC-300-015A ;2-C.I. ENERGIA SOLAR S.A.;151287-5;T6;6063;4,5;Clear Anodized class 1;ANODIZADO;PRENSA 7-2;3;23,94;PENDIENTE;;1,773333333;7,98
NACIONAL;P5 2025 O ;OC 868717-E_PROY_S7_P5 X - Bodega B6 Proyecto 000000003237 -> BELLA LUNA-CARTEGENA                                                                                                                                                                             ;NC-300-022  ;2-C.I. ENERGIA SOLAR S.A.;151288-12;T6;6063;6,2;Polycron LG Bronze;PINTURA;PRENSA 5;6;23,34;PENDIENTE;;0,627419355;3,89
NACIONAL;P5 2025 O ;SALVADORnBAHIA ETAPA 1-CARTAGENA                                                                                                                                                                                                                               ;NC-300-022  ;2-C.I. ENERGIA SOLAR S.A.;151287-3;T6;6063;6,2;Clear Anodized class 1;ANODIZADO;PRENSA 5;4;15,56;PENDIENTE;;0,627419355;3,89
NACIONAL;P5 2025 O ;OC 868717-E_PROY_S7_P5 X - Bodega B6 Proyecto 000000003237 -> BELLA LUNA-CARTEGENA                                                                                                                                                                             ;NC-300-023  ;2-C.I. ENERGIA SOLAR S.A.;151288-16;T6;6063;6,2;Polycron LG Bronze;PINTURA;PRENSA 5;7;32,2;PENDIENTE;;0,741935484;4,6
NACIONAL;P5 2025 O ;OC 868717-E_PROY_S7_P5 X - Bodega B6 Proyecto 000000003237 -> BELLA LUNA-CARTEGENA                                                                                                                                                                             ;NC-300-024  ;2-C.I. ENERGIA SOLAR S.A.;151288-17;T6;6063;5,1;Polycron LG Bronze;PINTURA;PRENSA 4;5;17,05;PENDIENTE;;0,668627451;3,41
NACIONAL;P5 2025 O ;OC 868717-E_PROY_S7_P5 X - Bodega B6 Proyecto 000000003237 -> BELLA LUNA-CARTEGENA                                                                                                                                                                             ;NC-300-025  ;2-C.I. ENERGIA SOLAR S.A.;151288-18;T5;6063;5,1;Polycron LG Bronze;PINTURA;PRENSA 5;6;3,18;PENDIENTE;;0,103921569;0,53
NACIONAL;P5 2025 O ;OC 868717-E_PROY_S7_P5 X - Bodega B6 Proyecto 000000003237 -> BELLA LUNA-CARTEGENA                                                                                                                                                                             ;NC-300-025  ;2-C.I. ENERGIA SOLAR S.A.;151288-19;T5;6063;6,2;Polycron LG Bronze;PINTURA;PRENSA 5;5;3,2;PENDIENTE;;0,103225806;0,64
NACIONAL;P5 2025 O ;SALVADORnBAHIA ETAPA 1-CARTAGENA                                                                                                                                                                                                                               ;NC-300-026  ;2-C.I. ENERGIA SOLAR S.A.;151287-4;T6;6063;4,5;Clear Anodized class 1;ANODIZADO;PRENSA 7-5;7;27,93;PENDIENTE;;0,886666667;3,99
NACIONAL;P5 2025 O ;OC 868717-E_PROY_S7_P5 X - Bodega B6 Proyecto 000000003041 -> PROY MENORES COLOMBIA 2024                                                                                                                                                                       ;NC-300-053  ;2-C.I. ENERGIA SOLAR S.A.;151284-1;T6;6063;6,2;Clear Anodized class 1;ANODIZADO;PRENSA 7-3;5;25,4;PENDIENTE;;0,819354839;5,08
NACIONAL;P5 2025 O ;OC 868717-E_PROY_S7_P5 X - Bodega B6 Proyecto 000000003041 -> PROY MENORES COLOMBIA 2024                                                                                                                                                                       ;NC-300-402  ;2-C.I. ENERGIA SOLAR S.A.;151284-2;T6;6063;6,2;Clear Anodized class 1;ANODIZADO;PRENSA 7-5;3;28,11;PENDIENTE;;1,511290323;9,37
NACIONAL;P5 2025 O ;OC 868717-E_PROY_S7_P5 X - Bodega B3 Proyecto 000000003042 ->OBSEQUIOS/CORTESIA ES 2024                                                                                                                                                                        ;NF-325-001  ;2-C.I. ENERGIA SOLAR S.A.;151278-2;T6;6063;6,2;Polycron Blanco E.S.P.;PINTURA;PRENSA 7-3;3;16,68;PENDIENTE;;0,896774194;5,56
NACIONAL;P5 2025 O ;OC 868717-E_PROY_S7_P5 X - Bodega B3 Proyecto 000000003231 -> VIVE RIO- BARRANQUILLA                                                                                                                                                                           ;NF-325-001  ;2-C.I. ENERGIA SOLAR S.A.;151282-1;T6;6063;6,2;Polycron LG Bronze;PINTURA;PRENSA 7-3;6;33,36;PENDIENTE;;0,896774194;5,56
NACIONAL;P5 2025 O ;OC 868717-E_PROY_S7_P5 X - Bodega B3 Proyecto 000000003231 -> VIVE RIO- BARRANQUILLA                                                                                                                                                                           ;NF-325-001  ;2-C.I. ENERGIA SOLAR S.A.;151282-3;T6;6063;5,1;Polycron LG Bronze;PINTURA;PRENSA 7-3;4;18,28;PENDIENTE;;0,896078431;4,57
NACIONAL;P5 2025 O ;OC 868717-E_PROY_S7_P5 X - Bodega B3 Proyecto 000000003237 -> BELLA LUNA-CARTEGENA                                                                                                                                                                             ;NF-325-001  ;2-C.I. ENERGIA SOLAR S.A.;151283-5;T6;6063;6,2;Polycron LG Bronze;PINTURA;PRENSA 7-3;11;61,16;PENDIENTE;;0,896774194;5,56
NACIONAL;P5 2025 O ;OC 868717-E_PROY_S7_P5 X - Bodega B3 Proyecto 000000003237 -> BELLA LUNA-CARTEGENA                                                                                                                                                                             ;NF-325-001  ;2-C.I. ENERGIA SOLAR S.A.;151283-9;T6;6063;5,1;Polycron LG Bronze;PINTURA;PRENSA 7-3;6;27,42;PENDIENTE;;0,896078431;4,57
NACIONAL;P5 2025 O ;OC 868717-E_PROY_S7_P5 X - Bodega B3 Proyecto 000000003237 -> BELLA LUNA-CARTEGENA                                                                                                                                                                             ;NF-325-003  ;2-C.I. ENERGIA SOLAR S.A.;151283-7;T6;6063;6,2;Polycron LG Bronze;PINTURA;PRENSA 7-1;6;28,74;PENDIENTE;;0,772580645;4,79
NACIONAL;P5 2025 O ;OC 868717-E_PROY_S7_P5 X - Bodega B3 Proyecto 000000002981 -> WAKE TESORO-MEDELLIN                                                                                                                                                                             ;NF-325-006  ;2-C.I. ENERGIA SOLAR S.A.;151280-2;T6;6063;5,6;Polycron LG Bronze;PINTURA;PRENSA 7-4;24;130,32;PENDIENTE;;0,969642857;5,43
NACIONAL;P5 2025 O ;OC 868717-E_PROY_S7_P5 X - Bodega B3 Proyecto 000000003237 -> BELLA LUNA-CARTEGENA                                                                                                                                                                             ;NF-325-006  ;2-C.I. ENERGIA SOLAR S.A.;151283-14;T6;6063;6,2;Polycron LG Bronze;PINTURA;PRENSA 7-4;24;144,24;PENDIENTE;;0,969354839;6,01
NACIONAL;P5 2025 O ;OC 868717-E_PROY_S7_P5 X - Bodega B3 Proyecto 000000002981 -> WAKE TESORO-MEDELLIN                                                                                                                                                                             ;NF-325-101  ;2-C.I. ENERGIA SOLAR S.A.;151280-3;T6;6063;5,1;Polycron LG Bronze;PINTURA;PRENSA 7-5;3;3,96;PENDIENTE;;0,258823529;1,32
NACIONAL;P5 2025 O ;OC 868717-E_PROY_S7_P5 X - Bodega B3 Proyecto 000000003042 ->OBSEQUIOS/CORTESIA ES 2024                                                                                                                                                                        ;NF-325-101  ;2-C.I. ENERGIA SOLAR S.A.;151278-4;T6;6063;5,1;Polycron Blanco E.S.P.;PINTURA;PRENSA 7-5;3;3,96;PENDIENTE;;0,258823529;1,32
NACIONAL;P5 2025 O ;OC 868717-E_PROY_S7_P5 X - Bodega B3 Proyecto 000000003237 -> BELLA LUNA-CARTEGENA                                                                                                                                                                             ;NF-325-101  ;2-C.I. ENERGIA SOLAR S.A.;151283-6;T6;6063;6,2;Polycron LG Bronze;PINTURA;PRENSA 7-5;11;17,6;PENDIENTE;;0,258064516;1,6
NACIONAL;P5 2025 O ;OC 868717-E_PROY_S7_P5 X - Bodega B3 Proyecto 000000003237 -> BELLA LUNA-CARTEGENA                                                                                                                                                                             ;NF-325-101  ;2-C.I. ENERGIA SOLAR S.A.;151283-8;T6;6063;5,1;Polycron LG Bronze;PINTURA;PRENSA 7-5;9;11,88;PENDIENTE;;0,258823529;1,32
NACIONAL;P5 2025 O ;OC 868717-E_PROY_S7_P5 X - Bodega B3 Proyecto 000000003237 -> BELLA LUNA-CARTEGENA                                                                                                                                                                             ;NF-430-001  ;2-C.I. ENERGIA SOLAR S.A.;151283-13;T6;6063;6,2;Polycron LG Bronze;PINTURA;PRENSA 7-2;15;160,5;PENDIENTE;;1,725806452;10,7
NACIONAL;P5 2025 O ;OC 868717-E_PROY_S7_P5 X - Bodega B3 Proyecto 000000002434 -> Allure-cartagena                                                                                                                                                                                 ;NF-430-002  ;2-C.I. ENERGIA SOLAR S.A.;151275-1;T5;6063;5,1;Polycron Anodic Clear;PINTURA;PRENSA 4;3;3,6;PENDIENTE;;0,235294118;1,2
NACIONAL;P5 2025 O ;OC 868717-E_PROY_S7_P5 X - Bodega B3 Proyecto 000000003042 ->OBSEQUIOS/CORTESIA ES 2024                                                                                                                                                                        ;NF-430-002  ;2-C.I. ENERGIA SOLAR S.A.;151278-1;T5;6063;5,1;Polycron Blanco E.S.P.;PINTURA;PRENSA 4;3;3,6;PENDIENTE;;0,235294118;1,2
NACIONAL;P5 2025 O ;OC 868717-E_PROY_S7_P5 X - Bodega B3 Proyecto 000000003237 -> BELLA LUNA-CARTEGENA                                                                                                                                                                             ;NF-430-002  ;2-C.I. ENERGIA SOLAR S.A.;151283-3;T5;6063;6,2;Polycron LG Bronze;PINTURA;PRENSA 4;14;20,44;PENDIENTE;;0,235483871;1,46
NACIONAL;P5 2025 O ;OC 868717-E_PROY_S7_P5 X - Bodega B3 Proyecto 000000002981 -> WAKE TESORO-MEDELLIN                                                                                                                                                                             ;NF-430-004  ;2-C.I. ENERGIA SOLAR S.A.;151280-1;T6;6063;5,1;Polycron LG Bronze;PINTURA;PRENSA 7-3;3;24,87;PENDIENTE;;1,625490196;8,29
NACIONAL;P5 2025 O ;OC 868717-E_PROY_S7_P5 X - Bodega B3 Proyecto 000000003237 -> BELLA LUNA-CARTEGENA                                                                                                                                                                             ;NF-430-004  ;2-C.I. ENERGIA SOLAR S.A.;151283-4;T6;6063;6,2;Polycron LG Bronze;PINTURA;PRENSA 7-3;12;120,96;PENDIENTE;;1,625806452;10,08
NACIONAL;P5 2025 O ;OC 868717-E_PROY_S7_P5 X - Bodega B3 Proyecto 000000003237 -> BELLA LUNA-CARTEGENA                                                                                                                                                                             ;NF-430-005  ;2-C.I. ENERGIA SOLAR S.A.;151283-2;T5;6063;6,2;Polycron LG Bronze;PINTURA;PRENSA 7-3;17;207,57;PENDIENTE;;1,969354839;12,21
NACIONAL;P5 2025 O ;OC 868717-E_PROY_S7_P5 X - Bodega B3 Proyecto 000000002981 -> WAKE TESORO-MEDELLIN                                                                                                                                                                             ;NF-430-008  ;2-C.I. ENERGIA SOLAR S.A.;151280-4;T6;6063;5,1;Polycron LG Bronze;PINTURA;PRENSA 7-3;4;51,84;PENDIENTE;;2,541176471;12,96
NACIONAL;P5 2025 O ;OC 868717-E_PROY_S7_P5 X - Bodega B3 Proyecto 000000003237 -> BELLA LUNA-CARTEGENA                                                                                                                                                                             ;NF-430-008  ;2-C.I. ENERGIA SOLAR S.A.;151283-11;T6;6063;6,2;Polycron LG Bronze;PINTURA;PRENSA 7-3;31;488,56;PENDIENTE;;2,541935484;15,76
NACIONAL;P5 2025 O ;OC 868717-E_PROY_S7_P5 X - Bodega B3 Proyecto 000000003042 ->OBSEQUIOS/CORTESIA ES 2024                                                                                                                                                                        ;NF-430-105  ;2-C.I. ENERGIA SOLAR S.A.;151278-6;T6;6063;5,1;2604 Bone White;PINTURA;PRENSA 7-3;4;52,32;PENDIENTE;;2,564705882;13,08
NACIONAL;P5 2025 O ;OC 868717-E_PROY_S7_P5 X - Bodega B6 Proyecto 000000003237 -> BELLA LUNA-CARTEGENA                                                                                                                                                                             ;NLTD1735-001;2-C.I. ENERGIA SOLAR S.A.;151288-3;T6;6063;6,2;Polycron LG Bronze;PINTURA;PRENSA 7-1;8;46,64;PENDIENTE;;0,940322581;5,83
NACIONAL;P5 2025 O ;OC 868717-E_PROY_S7_P5 X - Bodega B6 Proyecto 000000003237 -> BELLA LUNA-CARTEGENA                                                                                                                                                                             ;NLTD1735-002;2-C.I. ENERGIA SOLAR S.A.;151288-4;T6;6063;6,2;Polycron LG Bronze;PINTURA;PRENSA 7-2;3;18,96;PENDIENTE;;1,019354839;6,32
NACIONAL;P5 2025 O ;OC 868717-E_PROY_S7_P5 X - Bodega B6 Proyecto 000000003237 -> BELLA LUNA-CARTEGENA                                                                                                                                                                             ;NLTD1735-003;2-C.I. ENERGIA SOLAR S.A.;151288-6;T6;6063;6,2;Polycron LG Bronze;PINTURA;PRENSA 7-4;3;17,64;PENDIENTE;;0,948387097;5,88
NACIONAL;P5 2025 O ;OC 868717-E_PROY_S7_P5 X - Bodega B6 Proyecto 000000003237 -> BELLA LUNA-CARTEGENA                                                                                                                                                                             ;NLTD1735-004;2-C.I. ENERGIA SOLAR S.A.;151288-5;T6;6063;5,1;Polycron LG Bronze;PINTURA;PRENSA 7-3;3;15,15;PENDIENTE;;0,990196078;5,05
NACIONAL;P5 2025 O ;OC 868717-E_PROY_S7_P5 X - Bodega B6 Proyecto 000000003237 -> BELLA LUNA-CARTEGENA                                                                                                                                                                             ;NLTD1735-004;2-C.I. ENERGIA SOLAR S.A.;151288-7;T6;6063;6,2;Polycron LG Bronze;PINTURA;PRENSA 7-3;4;24,56;PENDIENTE;;0,990322581;6,14
RETAIL;P5 2025 O ;OC 868711-E-PD-ACC-SP5 X - Bodega B6 Proyecto 000000003049 -> PROY STOCKESW 2024                                                                                                                                                                               ;NLTD1735-008;2-C.I. ENERGIA SOLAR S.A.;151260-4;T5;6063;6,2;Mill Finish;MILL;PRENSA 5;65;151,45;PENDIENTE;;0,375806452;2,33
NACIONAL;P5 2025 O ;OC 868717-E_PROY_S7_P5 X - Bodega B3 Proyecto 000000003041 -> PROY MENORES COLOMBIA 2024                                                                                                                                                                       ;NP-200-001M ;2-C.I. ENERGIA SOLAR S.A.;151277-3;T5;6063;5,1;Clear Anodized class 1;ANODIZADO;PRENSA 5;3;12,27;PENDIENTE;;0,801960784;4,09
NACIONAL;P5 2025 O ;OC 868717-E_PROY_S7_P5 X - Bodega B3 Proyecto 000000003042 ->OBSEQUIOS/CORTESIA ES 2024                                                                                                                                                                        ;NP-200-001M ;2-C.I. ENERGIA SOLAR S.A.;151278-3;T5;6063;6,2;Polycron Blanco E.S.P.;PINTURA;PRENSA 5;3;14,91;PENDIENTE;;0,801612903;4,97
NACIONAL;P5 2025 O ;OC 868717-E_PROY_S7_P5 X - Bodega B3 Proyecto 000000003042 ->OBSEQUIOS/CORTESIA ES 2024                                                                                                                                                                        ;NP-200-001M ;2-C.I. ENERGIA SOLAR S.A.;151278-5;T5;6063;5,1;Polycron Blanco E.S.P.;PINTURA;PRENSA 5;3;12,27;PENDIENTE;;0,801960784;4,09
NACIONAL;P5 2025 O ;OC 868717-E_PROY_S7_P5 X - Bodega B3 Proyecto 000000003237 -> BELLA LUNA-CARTEGENA                                                                                                                                                                             ;NP-200-001M ;2-C.I. ENERGIA SOLAR S.A.;151283-12;T5;6063;6,2;Polycron LG Bronze;PINTURA;PRENSA 5;17;84,49;PENDIENTE;;0,801612903;4,97
NACIONAL;P5 2025 O ;OC 868717-E_PROY_S7_P5 X - Bodega B3 Proyecto 000000003237 -> BELLA LUNA-CARTEGENA                                                                                                                                                                             ;NP-200-002M ;2-C.I. ENERGIA SOLAR S.A.;151283-10;T6;6063;5,1;Polycron LG Bronze;PINTURA;PRENSA 4;5;16,8;PENDIENTE;;0,658823529;3,36
NACIONAL;P5 2025 O ;OC 868717-E_PROY_S7_P5 X - Bodega B3 Proyecto 000000003041 -> PROY MENORES COLOMBIA 2024                                                                                                                                                                       ;NP-200-004M ;2-C.I. ENERGIA SOLAR S.A.;151277-4;T6;6063;5,1;Clear Anodized class 1;ANODIZADO;PRENSA 4;3;15,42;PENDIENTE;;1,007843137;5,14
NACIONAL;P5 2025 O ;OC 868717-E_PROY_S7_P5 X - Bodega B3 Proyecto 000000003041 -> PROY MENORES COLOMBIA 2024                                                                                                                                                                       ;NP-200-005M2;2-C.I. ENERGIA SOLAR S.A.;151277-5;T6;6063;5,1;Clear Anodized class 1;ANODIZADO;PRENSA 4;3;14,4;PENDIENTE;;0,941176471;4,8
NACIONAL;P5 2025 O ;OC 868717-E_PROY_S7_P5 X - Bodega B3 Proyecto 000000003041 -> PROY MENORES COLOMBIA 2024                                                                                                                                                                       ;NP-200-010  ;2-C.I. ENERGIA SOLAR S.A.;151277-2;T5;6063;5,1;Clear Anodized class 1;ANODIZADO;PRENSA 4;3;2,61;PENDIENTE;;0,170588235;0,87
NACIONAL;P5 2025 O ;OC 868717-E_PROY_S7_P5 X - Bodega B3 Proyecto 000000003041 -> PROY MENORES COLOMBIA 2024                                                                                                                                                                       ;NS-25-002   ;2-C.I. ENERGIA SOLAR S.A.;151277-1;T6;6063;6,2;Clear Anodized class 1;ANODIZADO;PRENSA 7-4;6;79,32;PENDIENTE;;2,132258065;13,22
NACIONAL;P5 2025 O ;OC 868717-E_PROY_S7_P5 X - Bodega B3 Proyecto 000000003057 -> PROY STOCK NACIONAL 2024                                                                                                                                                                         ;NS-25-003   ;2-C.I. ENERGIA SOLAR S.A.;151279-1;T6;6063;6,7;Polycron LG Bronze;PINTURA;PRENSA 10;4;99,96;PENDIENTE;;3,729850746;24,99
NACIONAL;P5 2025 O ;OC 868717-E_PROY_S7_P5 X - Bodega B3 Proyecto 000000003188 -> COOPIDROGAS BARRANQUILLA                                                                                                                                                                         ;NS-25-102   ;2-C.I. ENERGIA SOLAR S.A.;151281-1;T6;6063;6,2;Clear Anodized class 1;ANODIZADO;PRENSA 7-4;43;522,02;PENDIENTE;;1,958064516;12,14
NACIONAL;P5 2025 O ;OC 868717-E_PROY_S7_P5 X - Bodega B3 Proyecto 000000003188 -> COOPIDROGAS BARRANQUILLA                                                                                                                                                                         ;NS-25-102   ;2-C.I. ENERGIA SOLAR S.A.;151281-4;T6;6063;5,9;Clear Anodized class 1;ANODIZADO;PRENSA 7-4;59;681,45;PENDIENTE;;1,957627119;11,55
NACIONAL;P5 2025 O ;OC 868717-E_PROY_S7_P5 X - Bodega B3 Proyecto 000000003188 -> COOPIDROGAS BARRANQUILLA                                                                                                                                                                         ;NS-25-104   ;2-C.I. ENERGIA SOLAR S.A.;151281-6;T6;6063;5,8;Clear Anodized class 1;ANODIZADO;PRENSA 9;14;556,78;PENDIENTE;;6,856896552;39,77
NACIONAL;P5 2025 O ;OC 868717-E_PROY_S7_P5 X - Bodega B3 Proyecto 000000003188 -> COOPIDROGAS BARRANQUILLA                                                                                                                                                                         ;NS-25-152   ;2-C.I. ENERGIA SOLAR S.A.;151281-7;T5;6005;6,2;Clear Anodized class 2;ANODIZADO;PRENSA 7-1;13;279,11;PENDIENTE;;3,462903226;21,47
NACIONAL;P5 2025 O ;OC 868717-E_PROY_S7_P5 X - Bodega B3 Proyecto 000000003188 -> COOPIDROGAS BARRANQUILLA                                                                                                                                                                         ;NS-25-202   ;2-C.I. ENERGIA SOLAR S.A.;151281-8;T5;6005;5,1;Mill Finish;MILL;PRENSA 7-2;3;40,92;PENDIENTE;;2,674509804;13,64
NACIONAL;P5 2025 O ;OC 868717-E_PROY_S7_P5 X - Bodega B3 Proyecto 000000003188 -> COOPIDROGAS BARRANQUILLA                                                                                                                                                                         ;NS-25-205   ;2-C.I. ENERGIA SOLAR S.A.;151281-2;T5;6005;6,2;Mill Finish;MILL;PRENSA 7-1;3;115,5;PENDIENTE;;6,209677419;38,5
NACIONAL;P5 2025 O ;OC 868717-E_PROY_S7_P5 X - Bodega B3 Proyecto 000000003188 -> COOPIDROGAS BARRANQUILLA                                                                                                                                                                         ;NS-25PV-001 ;2-C.I. ENERGIA SOLAR S.A.;151281-3;T6;6063;6,2;Mill Finish;MILL;PRENSA 7-3;5;11,15;PENDIENTE;;0,359677419;2,23
NACIONAL;P5 2025 O ;OC 868717-E_PROY_S7_P5 X - Bodega B3 Proyecto 000000003188 -> COOPIDROGAS BARRANQUILLA                                                                                                                                                                         ;NS-25PV-010 ;2-C.I. ENERGIA SOLAR S.A.;151281-10;T6;6063;6,4;Clear Anodized class 1;ANODIZADO;PRENSA 7-3;39;136,5;PENDIENTE;;0,546875;3,5
NACIONAL;P5 2025 O ;OC 868717-E_PROY_S7_P5 X - Bodega B3 Proyecto 000000003188 -> COOPIDROGAS BARRANQUILLA                                                                                                                                                                         ;NS-25PV-013 ;2-C.I. ENERGIA SOLAR S.A.;151281-9;T6;6063;6,2;Mill Finish;MILL;PRENSA 7-1;23;30,59;PENDIENTE;;0,214516129;1,33
RETAIL;P5 2025 O ;OC 868712-E-PD-PGD-P5 X - Bodega B6 Proyecto 000000003049 -> PROY STOCK ESW2024                                                                                                                                                                                ;PSD5030T001T;2-C.I. ENERGIA SOLAR S.A.;151263-3;T5;6005;6,2;Black Kynar;PINTURA_P&D;PRENSA 9;10;188;PENDIENTE;;3,032258065;18,8
RETAIL;P5 2025 O ;OC 868712-E-PD-PGD-P5 X - Bodega B6 Proyecto 000000003049 -> PROY STOCK ESW2024                                                                                                                                                                                ;PSD5030T001T;2-C.I. ENERGIA SOLAR S.A.;151263-5;T5;6005;6,2;Duranar Bermuda Bronze;PINTURA_P&D;PRENSA 9;10;188;PENDIENTE;;3,032258065;18,8
RETAIL;P5 2025 O ;OC 868714-E_RTSM6 X - Bodega B6 Proyecto 000000003049 -> PROY STOCK ESW 2024                                                                                                                                                                                   ;PSD5030T001T;2-C.I. ENERGIA SOLAR S.A.;151261-285;T5;6005;5,1;Black Kynar;PINTURA_P&D;PRENSA 9;4;61,88;PENDIENTE;;3,033333333;15,47
RETAIL;P5 2025 O ;OC 868714-E_RTSM6 X - Bodega B6 Proyecto 000000003049 -> PROY STOCK ESW 2024                                                                                                                                                                                   ;PSD5030T001T;2-C.I. ENERGIA SOLAR S.A.;151261-321;T5;6005;5,1;Nogal DS750+1807/01L;PINTURA PWR_P&D;PRENSA 9;4;61,88;PENDIENTE;;3,033333333;15,47
RETAIL;P5 2025 O ;OC 868712-E-PD-PGD-P5 X - Bodega B6 Proyecto 000000003049 -> PROY STOCK ESW2024                                                                                                                                                                                ;PSD5030T002T;2-C.I. ENERGIA SOLAR S.A.;151263-6;T5;6005;6,2;Duranar Bermuda Bronze;PINTURA_P&D;PRENSA 9-2;10;167,2;PENDIENTE;;2,696774194;16,72
RETAIL;P5 2025 O ;OC 868714-E_RTSM6 X - Bodega B6 Proyecto 000000003049 -> PROY STOCK ESW 2024                                                                                                                                                                                   ;PSD5030T002T;2-C.I. ENERGIA SOLAR S.A.;151261-326;T5;6005;5,1;Embero DS739+2301/02L;PINTURA PWR_P&D;PRENSA 9-2;4;55;PENDIENTE;;2,696078431;13,75
RETAIL;P5 2025 O ;OC 868713-EII-PD-PGD-P5 X - Bodega B6 Proyecto 000000003049 -> PROY STOCK ESW 2024                                                                                                                                                                             ;PSD5030T023A;2-C.I. ENERGIA SOLAR S.A.;151265-22;T6;6063;6,2;Duranar Bone White;PINTURA_ASSE;PRENSA 7-2;10;153,4;PENDIENTE;;2,474193548;15,34
RETAIL;P5 2025 O ;OC 868713-EII-PD-PGD-P5 X - Bodega B6 Proyecto 000000003049 -> PROY STOCK ESW 2024                                                                                                                                                                             ;PSD5030T023A;2-C.I. ENERGIA SOLAR S.A.;151265-25;T6;6063;6,2;Duranar Bermuda Bronze;PINTURA_ASSE;PRENSA 7-2;10;153,4;PENDIENTE;;2,474193548;15,34
RETAIL;P5 2025 O ;OC 868712-E-PD-PGD-P5 X - Bodega B6 Proyecto 000000003049 -> PROY STOCK ESW2024                                                                                                                                                                                ;PSD5030T026T;2-C.I. ENERGIA SOLAR S.A.;151263-4;T6;6063;6,2;Black Kynar;PINTURA_P&D;PRENSA 9-2;10;168,1;PENDIENTE;;2,711290323;16,81
RETAIL;P5 2025 O ;OC 868714-E_RTSM6 X - Bodega B6 Proyecto 000000003049 -> PROY STOCK ESW 2024                                                                                                                                                                                   ;PSD5030T-032;2-C.I. ENERGIA SOLAR S.A.;151261-316;T5;6063;5,1;Nogal DS750+1807/01L;PINTURA PWR;PRENSA 7-3;4;19,56;PENDIENTE;;0,958823529;4,89
RETAIL;P5 2025 O ;OC 868715-E_IIRTSEM6 X - Bodega B6 Proyecto 000000003049 -> PROY STOCK ESW2024                                                                                                                                                                                 ;SGD2020T010A;2-C.I. ENERGIA SOLAR S.A.;151254-10;T6;6063;6,2;Clear Anodized class 1;ANODIZADO_ASSE;PRENSA 7-5;6;5,52;PENDIENTE;;0,148387097;0,92
RETAIL;P5 2025 O ;OC 868715-E_IIRTSEM6 X - Bodega B6 Proyecto 000000003049 -> PROY STOCK ESW2024                                                                                                                                                                                 ;SGD2020T011A;2-C.I. ENERGIA SOLAR S.A.;151254-11;T6;6063;6,2;Clear Anodized class 1;ANODIZADO_ASSE;PRENSA 7-5;6;15,54;PENDIENTE;;0,417741935;2,59
RETAIL;P5 2025 O ;OC 868715-E_IIRTSEM6 X - Bodega B6 Proyecto 000000003049 -> PROY STOCK ESW2024                                                                                                                                                                                 ;SGD2020T022A;2-C.I. ENERGIA SOLAR S.A.;151254-25;T5;6005;6,2;Duranar Arcadia Silver;PINTURA_ASSE;PRENSA 7-3;6;23,04;PENDIENTE;;0,619354839;3,84
RETAIL;P5 2025 O ;OC 868713-EII-PD-PGD-P5 X - Bodega B6 Proyecto 000000003049 -> PROY STOCK ESW 2024                                                                                                                                                                             ;SGD2020T023A;2-C.I. ENERGIA SOLAR S.A.;151265-15;T5;6005;6,2;Duranar Bone White;PINTURA_ASSE;PRENSA 7-4;16;19,36;PENDIENTE;;0,19516129;1,21
RETAIL;P5 2025 O ;OC 868715-E_IIRTSEM6 X - Bodega B6 Proyecto 000000003049 -> PROY STOCK ESW2024                                                                                                                                                                                 ;SGD2020T023A;2-C.I. ENERGIA SOLAR S.A.;151254-26;T5;6005;6,2;Duranar Arcadia Silver;PINTURA_ASSE;PRENSA 7-4;6;7,26;PENDIENTE;;0,19516129;1,21
RETAIL;P5 2025 O ;OC 868715-E_IIRTSEM6 X - Bodega B6 Proyecto 000000003049 -> PROY STOCK ESW2024                                                                                                                                                                                 ;SGD2020T023A;2-C.I. ENERGIA SOLAR S.A.;151254-39;T5;6005;6,2;Duranar Arcadia Silver;PINTURA_ASSE;PRENSA 7-4;6;7,26;PENDIENTE;;0,19516129;1,21
RETAIL;P5 2025 O ;OC 868713-EII-PD-PGD-P5 X - Bodega B6 Proyecto 000000003049 -> PROY STOCK ESW 2024                                                                                                                                                                             ;SGD2020T025A;2-C.I. ENERGIA SOLAR S.A.;151265-14;T5;6005;6,2;Duranar Bone White;PINTURA_ASSE;PRENSA 7-3;16;55,2;PENDIENTE;;0,556451613;3,45
RETAIL;P5 2025 O ;OC 868715-E_IIRTSEM6 X - Bodega B6 Proyecto 000000003049 -> PROY STOCK ESW2024                                                                                                                                                                                 ;SGD2020T025A;2-C.I. ENERGIA SOLAR S.A.;151254-37;T5;6005;6,2;Duranar Arcadia Silver;PINTURA_ASSE;PRENSA 7-3;6;20,7;PENDIENTE;;0,556451613;3,45
RETAIL;P5 2025 O ;OC 868713-EII-PD-PGD-P5 X - Bodega B6 Proyecto 000000003049 -> PROY STOCK ESW 2024                                                                                                                                                                             ;SGD2020T026A;2-C.I. ENERGIA SOLAR S.A.;151265-13;T5;6005;6,2;Duranar Bone White;PINTURA_ASSE;PRENSA 7-5;16;13,12;PENDIENTE;;0,132258065;0,82
RETAIL;P5 2025 O ;OC 868715-E_IIRTSEM6 X - Bodega B6 Proyecto 000000003049 -> PROY STOCK ESW2024                                                                                                                                                                                 ;SGD2020T026A;2-C.I. ENERGIA SOLAR S.A.;151254-36;T5;6005;6,2;Duranar Arcadia Silver;PINTURA_ASSE;PRENSA 7-5;6;4,92;PENDIENTE;;0,132258065;0,82
NACIONAL;P5 2025 O ;OC 868717-E_PROY_S7_P5 X - Bodega B2 Proyecto 000000003237 -> BELLA LUNA-CARTEGENA                                                                                                                                                                             ;T- 001      ;2-C.I. ENERGIA SOLAR S.A.;151274-1;T6;6063;6,2;Polycron LG Bronze;PINTURA;PRENSA 9-2;3;54,69;PENDIENTE;;2,940322581;18,23
RETAIL;P5 2025 O ;(en blanco);T- 003      ;2-C.I. ENERGIA SOLAR S.A.;151251-100;T6;6063;6,2;2604 Black;PINTURA;PRENSA 10;4;162;PENDIENTE;;6,532258065;40,5
RETAIL;P5 2025 O ;(en blanco);T- 003      ;2-C.I. ENERGIA SOLAR S.A.;151251-129;T6;6063;5,8;2604 Bermuda Bronze;PINTURA;PRENSA 10;9;341,01;PENDIENTE;;6,532758621;37,89
RETAIL;P5 2025 O ;(en blanco);T- 006      ;2-C.I. ENERGIA SOLAR S.A.;151251-43;T6;6063;6,2;2604 Bermuda Bronze;PINTURA;PRENSA 10;9;115,38;LIBERADO;;2,067741935;12,82
RETAIL;P5 2025 O ;(en blanco);T- 006      ;2-C.I. ENERGIA SOLAR S.A.;151251-65;T6;6063;6,2;2604 Bone White;PINTURA;PRENSA 10;4;51,28;LIBERADO;;2,067741935;12,82
RETAIL;P5 2025 O ;(en blanco);T- 006      ;2-C.I. ENERGIA SOLAR S.A.;151251-90;T6;6063;5,1;2604 Bone White;PINTURA;PRENSA 10;6;63,3;LIBERADO;;2,068627451;10,55
RETAIL;P5 2025 O ;(en blanco);T- 006      ;2-C.I. ENERGIA SOLAR S.A.;151251-96;T6;6063;5,1;2604 Bermuda Bronze;PINTURA;PRENSA 10;4;42,2;LIBERADO;;2,068627451;10,55
RETAIL;P5 2025 O ;OC 868715-E_IIRTSEM6 X - Bodega B6 Proyecto 000000003049 -> PROY STOCK ESW 2024                                                                                                                                                                                ;TGA 1013    ;2-C.I. ENERGIA SOLAR S.A.;151256-1;T6;6063;6,2;2604 Bone White;PINTURA;PRENSA 5;510;464,1;PENDIENTE;;0,146774194;0,91
RETAIL;P5 2025 O ;OC 868715-E_IIRTSEM6 X - Bodega B6 Proyecto 000000003049 -> PROY STOCK ESW 2024                                                                                                                                                                                ;TGA 1013    ;2-C.I. ENERGIA SOLAR S.A.;151256-2;T6;6063;6,2;2604 Bermuda Bronze;PINTURA;PRENSA 5;760;691,6;PENDIENTE;;0,146774194;0,91
